,amplitude_cutoff,amplitude_cv_median,amplitude_cv_range,amplitude_median,firing_range,firing_rate,isi_violations_ratio,isi_violations_count,num_spikes,presence_ratio,rp_contamination,rp_violations,sd_ratio,sliding_rp_violation,snr,sync_spike_2,sync_spike_4,sync_spike_8
0,0.00014651657610007928,0.4516488313674927,0.31077833771705593,37.44,3.0,4.3575,0.0,0.0,15687.0,1.0,0.0,0.0,0.9083812241437953,0.01,2.7232523020923245,0.06559571619812583,0.0,0.0
1,1.4894642640685174e-05,0.12378239631652832,0.07751141116023064,161.45999,4.800000000000001,10.59361111111111,0.0,0.0,38137.0,1.0,0.0,0.0,1.1060882084923704,0.005,11.697338955910903,0.07153158350158638,2.6221254949261872e-05,0.0
2,0.0003132162356193643,0.12099252641201019,0.0853921584784984,154.43999,2.9999999999999996,4.141111111111111,0.005399362400092898,1.0,14908.0,1.0,0.008132109200161053,1.0,0.9932158151865543,0.02,10.968890077158619,0.07284679366782935,0.00013415615776764153,0.0
3,3.784183145133691e-05,0.11669313162565231,0.06143072992563248,241.01999,3.6099999999999905,6.134722222222222,0.0,0.0,22085.0,1.0,0.0,0.0,1.0914426564938418,0.005,11.720383799384837,0.0743943853294091,0.00013583880461851935,0.0
4,0.00020554952625565775,0.31489336490631104,0.30204139053821555,72.54,3.8000000000000007,7.358611111111111,0.006839817784347303,4.0,26491.0,1.0,0.010312904677969414,4.0,1.007944490389366,0.015,3.7816391308200523,0.06636216073383414,7.549733871881016e-05,0.0
5,0.00023408372610124792,0.219813272356987,0.12070195376873014,114.659996,3.2,4.761666666666667,0.0,0.0,17142.0,1.0,0.0,0.0,1.0966599327882143,0.01,5.670210345603274,0.07140357017850893,0.0,0.0
6,7.179119606202057e-05,0.18098556995391846,0.08656635880470276,124.02,5.4,15.241111111111111,0.0007972104479701424,2.0,54868.0,1.0,0.0011965315157893563,2.0,0.9554185912407518,0.005,5.823094757593698,0.07076984763432237,1.8225559524677407e-05,0.0
7,3.0012895732679744e-05,0.34658756852149963,0.19308742284774782,63.179996,5.0,13.104166666666666,0.003774465571903148,7.0,47175.0,1.0,0.004864717042685318,6.0,0.9413687927050247,0.005,3.3286069858303087,0.06855325914149443,2.1197668256491786e-05,0.0
8,0.0001990033377090686,0.15479540824890137,0.06134378463029863,131.04,3.2,4.568333333333333,0.0,0.0,16446.0,1.0,0.0,0.0,0.9790493073308579,0.01,7.857805589784351,0.07302687583606957,0.0,0.0
9,,,,58.499996,0.2,0.07388888888888889,0.0,0.0,266.0,1.0,0.0,0.0,1.3206186189439892,,2.9981069481981635,0.045112781954887216,0.0,0.0
10,0.00024064241388914315,0.2553650140762329,0.1021876335144043,79.56,2.8,3.3558333333333334,0.008221962230073236,1.0,12081.0,1.0,0.012409946734081245,1.0,1.0030540461626445,0.025,4.605415932003671,0.07102061087658307,8.277460475126231e-05,0.0
11,2.177572215733085e-05,0.26424095034599304,0.18957478106021863,84.24,5.01,13.054444444444444,0.0,0.0,46996.0,1.0,0.0,0.0,0.9821583903701283,0.005,4.062676526735086,0.06953783300706443,6.3835220018725e-05,0.0
12,6.331304938852626e-05,0.17851808667182922,0.11232283264398568,131.04,3.2,5.616944444444444,0.008804348857248467,3.0,20221.0,1.0,0.013294900475195326,3.0,1.0050345441433985,0.015,6.250271513618743,0.07205380544977993,4.9453538400672565e-05,0.0
13,0.0001776203429438972,0.16032306849956512,0.11197999864816666,149.76,3.2,5.364166666666667,0.0,0.0,19311.0,1.0,0.0,0.0,1.0490152890288162,0.01,7.223785464744294,0.07115115737144632,0.00010356791466003832,0.0
14,,,,72.54,0.2,0.06527777777777778,0.0,0.0,235.0,0.9833333333333333,0.0,0.0,1.0704187280919955,,3.4488909569756205,0.07659574468085106,0.00425531914893617,0.0
15,5.95733806636437e-05,0.28929102420806885,0.1605050526559353,81.899994,3.5999999999999996,5.678888888888889,0.0,0.0,20444.0,1.0,0.0,0.0,0.964353935825848,0.005,3.8074945197847514,0.07136568186264919,4.891410682840931e-05,0.0
16,0.00040234578937923236,0.8588055968284607,0.5672202885150905,25.74,1.9999999999999998,1.7663888888888888,0.0,0.0,6359.0,1.0,0.0,0.0,0.9583481869948487,0.05,1.5400849081729349,0.07139487340776851,0.0,0.0
17,0.00013407684717983866,0.26100021600723267,0.15781586617231372,88.92,3.0,4.4911111111111115,0.013771774399483308,3.0,16168.0,1.0,0.020875556018771335,3.0,0.9533911997642344,0.025,4.205443575319408,0.06846857991093518,0.0001855517070757051,0.0
18,2.0946896258465622e-05,0.26669222116470337,0.08265720307826996,138.06,3.999999999999999,9.053333333333333,0.1796206844944376,159.0,32592.0,1.0,0.1683782868439705,91.0,1.4865454873078576,0.105,7.043921274061251,0.07081492390770741,6.136475208640157e-05,0.0
19,5.44736753618521e-05,0.5221511125564575,0.2745251715183258,42.12,3.8,6.017777777777778,0.002556842355600453,1.0,21664.0,1.0,0.0038426464994606446,1.0,0.9299060955041907,0.01,2.1313875077006497,0.07159342688330872,9.231905465288036e-05,0.0
20,5.050207876652027e-05,0.5237672328948975,0.2427871733903884,44.46,3.799999999999999,6.2122222222222225,0.011996437154136718,5.0,22364.0,1.0,0.014500862085576549,4.0,0.9547745007200513,0.015,2.1403809102078672,0.06483634412448579,8.942944017170452e-05,0.0
21,3.30135063723978e-05,0.46345239877700806,0.19162430614233017,46.8,2.8000000000000003,3.9002777777777777,0.030433729182650825,5.0,14041.0,1.0,0.037212874015424946,4.0,0.8934322162793618,0.05,2.21569872647516,0.07243073855138522,0.0,0.0
22,9.22852335211235e-05,0.3123653829097748,0.25381934940814904,72.54,3.6100000000000003,6.464722222222222,0.008862096980884988,4.0,23273.0,1.0,0.013382693716887495,4.0,0.958025421458312,0.015,3.619761745151445,0.07132728913333047,8.593649293172346e-05,0.0
23,7.596281843670441e-05,0.23003265261650085,0.09794227480888362,98.28,3.6000000000000005,5.6375,0.023307362012678114,8.0,20295.0,1.0,0.031073700059328635,7.0,0.9761421498559649,0.035,4.646110435105279,0.0697708795269771,4.927322000492732e-05,0.0
24,0.002646665059801543,0.42758530378341675,0.10615043044090267,51.48,0.6,0.14222222222222222,0.0,0.0,512.0,1.0,0.0,0.0,0.9953995287648765,,2.5754266790122107,0.07421875,0.0,0.0
25,3.5716136166623226e-05,0.20144331455230713,0.0824771136045456,114.659996,3.4,5.283333333333333,0.0,0.0,19020.0,1.0,0.0,0.0,1.0087873977370665,0.01,5.714052539582409,0.0690851735015773,0.0,0.0
26,9.118814536601887e-05,0.48203274607658386,0.22876397520303726,42.12,4.800000000000001,12.585833333333333,0.006429911226877376,11.0,45309.0,1.0,0.008806840988017761,10.0,0.905681053250832,0.01,2.125766845548156,0.06658721225363615,6.621201085876978e-05,0.0
27,0.003690827984254159,0.3906673789024353,0.1380728736519813,53.82,0.4,0.14833333333333334,0.0,0.0,534.0,1.0,0.0,0.0,0.9752474362568803,,2.75753900590754,0.06741573033707865,0.0,0.0
28,6.195948773380187e-05,0.39047276973724365,0.21328729391098022,56.159996,3.5999999999999996,6.078055555555555,0.010025519940121078,4.0,21881.0,1.0,0.011343042236222511,3.0,0.9294065626044204,0.015,3.000355298824968,0.0681413098121658,9.140350075407889e-05,0.0
29,8.266176164704251e-05,0.14538288116455078,0.07444754801690578,161.45999,3.0000000000000004,4.817777777777778,0.0,0.0,17344.0,1.0,0.0,0.0,0.9718297259471002,0.01,7.844315657555139,0.0697071033210332,0.00011531365313653136,0.0
30,0.00011181310332945145,0.1980610191822052,0.0818273901939392,112.31999,3.1999999999999997,5.103611111111111,0.0035548484935569655,1.0,18373.0,1.0,0.0,0.0,0.9207141049334312,0.01,5.62412022982637,0.06819789909105753,5.442769281010178e-05,0.0
31,0.000203063718242348,0.39235562086105347,0.24169310182332993,56.159996,3.5999999999999996,5.9302777777777775,0.007898550993487314,3.0,21349.0,1.0,0.0119188560550616,3.0,0.946304162887661,0.02,2.7620354927466315,0.06576420441238466,4.68406014333224e-05,0.0
32,,,,58.499996,0.4,0.09805555555555556,9.630123024821643,1.0,353.0,1.0,1.0,1.0,1.0690967056693519,,2.9452719949553634,0.042492917847025496,0.0,0.0
33,5.708587018536648e-05,5.261177062988281,2.886799919605255,21.06,9.400000000000002,20.947777777777777,0.03270634597559413,155.0,75412.0,1.0,0.006350424456796122,20.0,1.5764146039103337,0.005,0.619406446326477,0.08155200763804168,5.304195618734419e-05,0.0
34,2.734930734376879e-05,0.18198776245117188,0.08511107861995695,126.35999,3.2,4.591111111111111,0.004392791978925844,1.0,16528.0,1.0,0.006611040899274667,1.0,0.976505574664068,0.015,5.988344883617029,0.06927637947725072,0.00012100677637947725,0.0
35,0.00012821347133820202,0.3552423119544983,0.15970208495855331,63.179996,2.8,4.113888888888889,0.0,0.0,14810.0,1.0,0.0,0.0,0.9561652953528068,0.01,2.99248628604567,0.07157326130992572,6.75219446320054e-05,0.0
36,,,,58.499996,0.2,0.0325,87.66162612316458,1.0,117.0,0.9,1.0,1.0,0.8511487725880051,,2.744049116561231,0.05982905982905983,0.0,0.0
37,8.398555283611497e-05,0.17557954788208008,0.11248217821121212,133.37999,5.20999999999999,15.538611111111111,0.0,0.0,55939.0,1.0,0.0,0.0,0.9745701951757408,0.005,6.543674623566684,0.07236453994529755,7.150646239653908e-05,0.0
38,0.00016260593165998597,0.12176747620105743,0.04809224046766758,198.9,2.8099999999999996,3.973333333333333,0.0,0.0,14304.0,1.0,0.0,0.0,1.0564201909248845,0.015,9.556395850839076,0.07508389261744966,6.991051454138702e-05,0.0
39,6.885689113423406e-05,0.34672993421554565,0.15486892461776736,63.179996,4.4,5.659722222222222,0.020234107418419963,7.0,20375.0,1.0,0.026362779025513983,6.0,0.9565153536690162,0.03,2.8969335285516546,0.0652760736196319,9.815950920245399e-05,0.0
40,6.134860016254481e-05,0.5298808813095093,0.2285251438617707,42.12,3.6,5.2175,0.020408100270914976,6.0,18783.0,1.0,0.031095619172224476,6.0,0.965675139341134,0.035,1.952647921160044,0.0637278390033541,0.0,0.0
41,0.0001409340072113552,0.16911378502845764,0.06685679629445077,133.37999,3.8000000000000007,6.500555555555556,0.0,0.0,23402.0,1.0,0.0,0.0,0.9926767368250287,0.005,6.375052186017664,0.07110503375779847,4.27313904794462e-05,0.0
42,0.0005470256425839302,0.4444665312767029,0.17068949043750764,46.8,0.8,0.3163888888888889,1.8499661995758954,2.0,1139.0,1.0,1.0,2.0,0.9550637794651754,,2.3820730278118933,0.053555750658472345,0.0,0.0
43,7.894221708935256e-05,0.14625242352485657,0.0845021072775125,156.78,3.4000000000000004,5.698611111111111,0.002851269073133804,1.0,20515.0,1.0,0.0042860888886815385,1.0,1.0241962985303348,0.01,7.568899352621633,0.07038752132585913,0.00014623446258835,0.0
44,0.000942221865888346,1.0008578300476074,0.3972197324037552,28.079998,3.009999999999991,3.564722222222222,0.03643299396464988,5.0,12833.0,1.0,0.04471951004700181,4.0,1.276776549260757,0.055,1.2938961965225588,0.07956050806514454,0.00015584820384945063,0.0
45,4.0922203387309956e-05,0.12304334342479706,0.050017383694648726,203.57999,6.200000000000001,18.474166666666665,0.0002712979610615979,1.0,66507.0,1.0,0.00040702977821260866,1.0,0.9913975326393999,0.005,9.952096126917894,0.07014299246695836,6.014404498774565e-05,0.0
46,0.0005116280860161975,1.4366028308868408,0.7913202345371244,18.72,3.799999999999999,6.363888888888889,0.016004020819706893,7.0,22910.0,1.0,0.017296754013676474,5.0,1.178929077589676,0.02,0.9588995648440637,0.08974247053688346,0.00021824530772588389,0.0
47,8.765844966613113e-05,0.14913704991340637,0.14134240299463252,161.45999,3.1999999999999997,4.9063888888888885,0.0,0.0,17663.0,1.0,0.0,0.0,1.0260263991491811,0.01,7.736397400442734,0.07093925154277303,5.6615523976674406e-05,0.0
48,0.00020061935692671732,0.2645565867424011,0.1099523305892944,81.899994,3.4000000000000004,5.483055555555556,0.003079859833833708,1.0,19739.0,1.0,0.004630510564795909,1.0,1.0054736424717585,0.01,4.1638501607961125,0.07168549571913471,0.0,0.0
49,0.0038324593432995085,0.4540380537509918,0.13847482800483701,53.82,0.4,0.1413888888888889,0.0,0.0,509.0,1.0,0.0,0.0,1.1394882158118662,,2.8317328612759476,0.04911591355599214,0.0,0.0
50,,,,59.67,0.2,0.025,148.14814814814812,1.0,90.0,0.7833333333333333,1.0,1.0,0.9234979926242607,,2.815370246228902,0.022222222222222223,0.0,0.0
51,0.0002057095872689609,0.37941619753837585,0.17743782401084895,58.499996,0.8,0.34944444444444445,0.0,0.0,1258.0,1.0,0.0,0.0,1.0438092342505674,,3.2454199423692005,0.0643879173290938,0.0,0.0
52,1.720501538153996e-05,0.1147502213716507,0.0489236906170845,205.92,4.799999999999999,12.123888888888889,0.0,0.0,43646.0,1.0,0.0,0.0,0.9551211419203924,0.005,10.013924697082428,0.06985748980433487,9.164642808046556e-05,0.0
53,2.4240417588789643e-05,0.2254895120859146,0.0865654468536377,98.28,4.800000000000001,10.542222222222222,0.005831898427124775,7.0,37952.0,1.0,0.008786448479125353,7.0,0.8696492880435026,0.01,4.651731097257773,0.06913996627318718,2.6349072512647553e-05,0.0
54,6.575157395273808e-05,0.25523510575294495,0.1251158498227596,93.6,3.4099999999999993,5.812222222222222,0.02740891369302185,10.0,20924.0,1.0,0.037713175280446376,9.0,0.9766913326175785,0.035,4.441514816356423,0.06915503727776716,4.779200917606576e-05,0.0
55,0.0007902200690789287,0.47860977053642273,0.45197999477386464,51.48,0.8,0.32305555555555554,0.0,0.0,1163.0,1.0,0.0,0.0,1.1094933599793055,,2.4854947980852065,0.07394668959587274,0.0,0.0
56,9.279407202582303e-05,0.2347404956817627,0.09755060821771622,93.6,4.800000000000001,10.508055555555556,0.007546994500598046,9.0,37829.0,1.0,0.011385304328220158,9.0,0.9712659086881444,0.01,4.755152653116569,0.07095085780750218,5.286949165983769e-05,0.0
57,2.341023866318511e-05,0.1514177769422531,0.06175414323806762,154.43999,3.2,4.435277777777777,0.0,0.0,15967.0,1.0,0.0,0.0,1.0119596737500909,0.01,7.45198769300201,0.07283772781361558,0.00012525834533725808,0.0
58,8.76537882858234e-05,0.371158242225647,0.14225848168134686,51.48,2.2,2.4283333333333332,0.015702168799256722,1.0,8742.0,1.0,0.023837363139609935,1.0,0.8377310473972279,0.045,2.5743025036988083,0.060855639441775335,0.00011439029970258523,0.0
59,,,,53.82,0.2,0.029722222222222223,0.0,0.0,107.0,0.85,0.0,0.0,0.8214702638541725,,2.6439998722281244,0.07476635514018691,0.0,0.0
60,5.90790900188837e-05,0.2505161762237549,0.1576625525951385,91.259995,3.4000000000000004,5.470277777777778,0.009282794557659483,3.0,19693.0,1.0,0.01402250719044229,3.0,1.0252912278916448,0.02,4.399921401833128,0.07134514802213984,5.0779464784441175e-05,0.0
61,0.00011795708802249722,0.29246747493743896,0.2009587906301019,81.899994,3.2,4.374722222222222,0.009676209789598036,2.0,15749.0,1.0,0.014621204494836948,2.0,1.060459915501105,0.025,4.014338060331378,0.06927423963426249,0.0,0.0
62,7.610173294061413e-05,0.5350916981697083,0.3414846330881112,42.12,3.4000000000000004,5.489722222222222,0.012289536282486297,4.0,19763.0,1.0,0.018607422509961613,4.0,1.001680283446676,0.02,2.251671693260479,0.06871426402874058,5.059960532307848e-05,0.0
63,,,,56.159996,0.4,0.07694444444444444,15.639458353425692,1.0,277.0,0.9833333333333333,1.0,1.0,0.9594341347398481,,2.552943601573201,0.04693140794223827,0.0,0.0
64,0.00021677939959140996,0.576032817363739,0.6421455428004266,49.14,3.0,4.449166666666667,0.009355109830568085,2.0,16017.0,1.0,0.014132528932871313,2.0,0.9100323898696764,0.02,2.3831972031252953,0.06499344446525566,0.0,0.0
65,,,,78.39,0.2,0.05611111111111111,29.408881482207626,1.0,202.0,0.9833333333333333,1.0,1.0,2.4004428991333557,,5.453249441650545,0.04950495049504951,0.0,0.0
66,1.4261917575497623e-05,0.09522310644388199,0.055884326249361016,304.19998,6.399999999999999,20.269166666666667,0.0006761230029944355,3.0,72969.0,1.0,0.0010146993118383962,3.0,0.8799118800988074,0.005,14.798305050689386,0.0719620660828571,5.481779933944552e-05,0.0
67,0.00014310788800746559,0.1472826898097992,0.13708163052797318,236.34,3.3999999999999995,6.4075,0.0022552724506410085,1.0,23067.0,1.0,0.003388650150884076,1.0,1.0569545700866882,0.01,11.187536279216124,0.07205098192222656,0.00013005592404734037,0.0
68,4.317020650202207e-05,0.18925565481185913,0.10532298237085341,135.72,3.1999999999999997,4.921111111111111,0.0,0.0,17716.0,1.0,0.0,0.0,1.0506221226549306,0.01,6.720166073895003,0.071517272522014,0.00011289230074508918,0.0
69,8.803705405552011e-05,0.16780531406402588,0.09250396490097046,145.08,3.1999999999999997,4.961944444444445,0.0,0.0,17863.0,1.0,0.0,0.0,0.993925636005193,0.01,7.019189845995437,0.06801769019761518,0.0,0.0
70,0.00014626197948130565,0.7040265798568726,0.5728756278753281,56.159996,3.5999999999999996,6.166666666666667,0.014609203798392988,6.0,22200.0,1.0,0.014717506294152138,4.0,1.1475580611059626,0.025,2.91716825536386,0.07013513513513514,0.0,0.0
71,2.0240513394230644e-05,0.4164579510688782,0.17848085165023797,53.82,3.0,4.549166666666666,0.004474170685338813,1.0,16377.0,1.0,0.006733928927407873,1.0,0.9057805557697023,0.015,2.5180950245158016,0.07076998229223912,0.0,0.0
72,5.56899875415615e-05,0.13088008761405945,0.0885689526796341,196.56,3.2,5.791944444444445,0.0,0.0,20851.0,1.0,0.0,0.0,1.0626350563262623,0.005,9.654196315716344,0.06963694786820776,0.00014387799146323916,0.0
73,0.00013124961732827693,0.46978098154067993,0.37256393134593946,51.48,4.800000000000001,11.423333333333334,0.0028382492804257553,4.0,41124.0,1.0,0.004266475326494379,4.0,1.0391681867815512,0.005,2.8643330877065427,0.06876762960801479,2.4316700710047662e-05,0.0
74,0.00013942656959825097,0.47860655188560486,0.4394819140434265,49.14,1.8,1.623888888888889,0.10533795400219267,3.0,5846.0,1.0,0.17296545538083963,3.0,1.0697175936738013,0.145,2.4146732542424885,0.06448853917208347,0.0,0.0
75,9.31878581630246e-05,0.11798270791769028,0.060750460252165794,222.29999,3.1999999999999997,5.088333333333333,0.007152454971093889,2.0,18318.0,1.0,0.010786860637851059,2.0,1.0119677593529617,0.015,10.773849198122871,0.06834807293372638,5.4591112566874116e-05,0.0
76,0.0019491384369884224,0.364677369594574,0.15428005456924437,63.179996,0.8,0.2833333333333333,1.1534025374855825,1.0,1020.0,1.0,1.0,1.0,0.9100181862817297,,3.2308058777094892,0.07058823529411765,0.0,0.0
77,7.731941836815782e-05,0.29458194971084595,0.15183564648032188,81.899994,3.4099999999999913,5.6525,0.020285846853723474,7.0,20349.0,1.0,0.026431104746710288,6.0,0.9340652814496698,0.03,4.053683553056903,0.06722689075630252,4.9142464003145115e-05,0.0
78,5.298773280576473e-05,0.08285942673683167,0.04123458564281461,339.3,3.5999999999999996,5.965277777777778,0.0026020455872965967,1.0,21475.0,1.0,0.003910715227741113,1.0,0.9751570977571227,0.01,16.321528079612097,0.06952270081490104,9.313154831199069e-05,0.0
79,4.3119293354842566e-05,0.17676180601119995,0.18784374371170998,152.09999,3.4000000000000004,5.6475,0.005806223657752959,2.0,20331.0,1.0,0.008747595701911526,2.0,0.9892245256365197,0.015,7.248516892810108,0.06699129408292755,0.0,0.0
80,7.973094374322061e-05,0.23642532527446747,0.16793248057365404,109.979996,3.8000000000000007,6.323333333333333,0.0,0.0,22764.0,1.0,0.0,0.0,0.9174517774374723,0.005,5.2486542517307235,0.06734317343173432,4.3929010718678616e-05,0.0
81,0.00014607930578801605,0.5524684190750122,0.24627685546874983,74.88,4.0,6.469166666666666,0.019912329663087196,9.0,23289.0,1.0,0.02350734900215634,7.0,1.3697945670381124,0.03,3.626506368202824,0.07059126626304264,8.587745287474773e-05,0.0
82,0.00012011747905742298,0.42004284262657166,0.26569807529449463,58.499996,2.6000000000000005,3.07,0.019648503982555274,2.0,11052.0,1.0,0.02992037025183636,2.0,0.856951628744789,0.05,2.8564640749272443,0.07048498009410062,0.0,0.0
83,3.931474279760544e-05,0.15057113766670227,0.07200133800506592,182.51999,3.8,6.682777777777778,0.0020733002733625675,1.0,24058.0,1.0,0.003114801403936829,1.0,0.9924711640144296,0.01,7.696891341874512,0.0651342588743869,0.0,0.0
84,6.373761604426469e-05,0.402287095785141,0.2217890799045562,60.839996,6.0,17.283055555555556,0.004339735175219304,14.0,62219.0,1.0,0.0065309292814687,14.0,0.9022026369095176,0.01,2.411782701506183,0.06964110641443932,4.821678265481605e-05,0.0
85,0.00012685103497353926,0.20198214054107666,0.09918742626905441,133.37999,3.2,4.289722222222222,0.0,0.0,15443.0,1.0,0.0,0.0,0.9707458596642032,0.01,5.43253326235541,0.06831574176002073,6.47542575924367e-05,0.0
86,,,,70.2,0.4,0.08722222222222223,0.0,0.0,314.0,0.9833333333333333,0.0,0.0,0.8545640480245065,,2.877180621790125,0.06369426751592357,0.0,0.0
87,0.000160028167140224,0.1855798363685608,0.08221480250358582,131.04,3.2,5.440833333333333,0.0031278462667938857,1.0,19587.0,1.0,0.004702827694352263,1.0,0.986883639342077,0.01,6.314348005581048,0.07045489355184562,5.10542706897432e-05,0.0
88,,,,53.82,0.4,0.07222222222222222,0.0,0.0,260.0,0.9666666666666667,0.0,0.0,1.0658069076504235,,2.6316341581952174,0.05384615384615385,0.0,0.0
89,0.000263293430943818,0.8089736700057983,0.34247297048568726,30.419998,5.200000000000001,10.16388888888889,0.016133512584625316,18.0,36590.0,1.0,0.02037444983379655,15.0,1.0512720503971762,0.01,1.7053349269890072,0.054960371686253076,5.465974309920743e-05,0.0
90,0.00010968940428318045,0.47773483395576477,0.26433558762073517,51.48,3.5999999999999996,6.341666666666667,0.018418718483126442,8.0,22830.0,1.0,0.02802065631484707,8.0,0.926346532339694,0.025,2.170893505007583,0.06679807271134472,0.0,0.0
91,0.0009451134031495477,0.34485146403312683,0.15076193809509275,65.52,1.0,0.4638888888888889,0.0,0.0,1670.0,1.0,0.0,0.0,0.9730803248979919,,3.48373953403302,0.06407185628742515,0.0,0.0
92,,,,67.86,0.2,0.05722222222222222,0.0,0.0,206.0,1.0,0.0,0.0,0.905551492724368,,3.135253120215474,0.06796116504854369,0.0048543689320388345,0.0
93,6.371727608775966e-05,0.22283817827701569,0.10775916576385497,112.31999,5.399999999999999,13.617222222222223,0.0,0.0,49022.0,1.0,0.0,0.0,0.9879534844314376,0.005,4.575931338417225,0.06874464526131124,4.079800905715801e-05,0.0
94,0.00022794258112793922,0.2915518581867218,0.1450697124004364,74.88,2.6,3.5727777777777776,0.0,0.0,12862.0,1.0,0.0,0.0,0.8704584868803315,0.015,3.0939808986388653,0.06398693826776551,0.0,0.0
95,0.0001679207414576057,0.31289222836494446,0.2479974970221519,56.159996,3.5999999999999996,5.8625,0.005388160561123041,2.0,21105.0,1.0,0.008115168824207264,2.0,0.9805293660953783,0.015,3.9778033275111335,0.06965174129353234,4.738213693437574e-05,0.0
96,0.00015283651405608863,5.280770778656006,5.453946650028225,16.38,4.999999999999999,9.623611111111112,0.01799586057715349,18.0,34645.0,1.0,0.006016720656111363,4.0,1.0207269317643444,0.01,0.5617535988833817,0.09037379131187762,0.00011545677586953385,0.0
97,5.552909988940668e-05,0.14716646075248718,0.07747022882103917,142.73999,3.0,4.430833333333333,0.00943268673798556,2.0,15951.0,1.0,0.014250569472118113,2.0,1.0514887290165302,0.02,8.281385070572316,0.07153156541909599,0.00012538398846467306,0.0
98,0.00010486578937361815,0.17219947278499603,0.08175588399171826,152.09999,3.4000000000000004,5.6002777777777775,0.0029522770249661347,1.0,20161.0,1.0,0.004438264633929601,1.0,1.073214713156981,0.01,7.517188574692235,0.07271464709091811,0.0,0.0
99,2.5191922693828863e-05,0.32425329089164734,0.17188326120376585,67.86,5.600000000000001,16.925555555555555,0.0003232141602071491,1.0,60932.0,1.0,0.0004849388231418228,1.0,0.9891332667874475,0.005,3.356710725421812,0.07094794196809558,0.0,0.0
100,2.2224510704639652e-05,0.41352877020835876,0.3682375371456146,56.159996,5.400000000000002,15.906944444444445,0.000731867920802651,2.0,57265.0,1.0,0.001098405128116653,2.0,1.0200054425968066,0.005,2.8429743999954527,0.06864576966733607,3.4925347070636515e-05,0.0
101,9.721162153400704e-05,0.7011525630950928,0.39810956418514243,32.76,2.4000000000000004,2.3713888888888888,0.0,0.0,8537.0,1.0,0.0,0.0,1.0094421638595426,0.025,1.8683367023855337,0.062199836007965324,0.00011713716762328687,0.0
102,3.9259360049024386e-05,0.4167912006378174,0.2367611110210418,56.159996,3.6099999999999905,6.786666666666667,0.004020621607399487,2.0,24432.0,1.0,0.0060492289968272495,2.0,1.0111276961200946,0.01,2.9463959558542485,0.070767845448592,4.0929927963326786e-05,0.0
103,0.00045948256684780897,0.15654000639915466,0.07297887951135634,133.37999,3.01,4.776388888888889,0.008117211862865457,2.0,17195.0,1.0,0.012250859574454709,2.0,0.9929767896914201,0.02,7.546191139939618,0.0715324222157604,0.00011631288165164292,0.0
104,7.109018921577452e-05,0.08498834073543549,0.04305310659110545,273.78,3.0,4.280833333333334,0.0,0.0,15411.0,1.0,0.0,0.0,0.9613109187064687,0.01,13.33353828040552,0.07682823956913892,0.00012977743170462656,0.0
105,6.725562797468448e-05,0.4173817038536072,0.183152973651886,81.899994,3.0,4.183333333333334,0.0,0.0,15060.0,1.0,0.0,0.0,1.4233379906433985,0.01,4.063800916463006,0.06885790172642763,0.00019920318725099602,0.0
106,8.778513866367382e-05,0.16459649801254272,0.07136363238096241,142.73999,2.8000000000000003,3.890833333333333,0.0061163311193896674,1.0,14007.0,1.0,0.009216972974490756,1.0,0.9882972892466995,0.02,6.764007839045102,0.07089312486613836,7.139287499107589e-05,0.0
107,3.75473356635099e-05,0.579046368598938,0.25927269160747524,37.44,5.4,14.973333333333333,0.0033039178915611855,8.0,53904.0,1.0,0.0037238411243660785,6.0,0.9452721177565186,0.005,1.940282207127137,0.06745325022261799,7.420599584446424e-05,0.0
108,6.949606039975693e-05,0.10055287182331085,0.04540140330791473,252.71999,3.8000000000000007,6.860833333333333,0.0,0.0,24699.0,1.0,0.0,0.0,0.9774086350473479,0.005,12.090229115327991,0.06955747196242763,8.097493825660957e-05,0.0
109,7.475200701071156e-05,0.5004444122314453,0.26357589066028597,56.159996,3.799999999999999,7.2675,0.00701239150499083,4.0,26163.0,1.0,0.007920306067213834,3.0,1.0843264357904432,0.015,2.8418502246820503,0.07197186866949509,3.8221916446890644e-05,0.0
110,0.007808405740243122,0.41164398193359375,0.1253367722034454,51.48,0.6,0.18805555555555556,2.6182065721348637,1.0,677.0,1.0,1.0,1.0,0.9693460696323954,,2.570930192173119,0.050221565731166914,0.0,0.0
111,0.0001363443783635492,0.1692800372838974,0.08402624726295471,138.06,3.0,4.241388888888889,0.010294139553643791,2.0,15269.0,1.0,0.015562301951480229,2.0,0.9735906042550346,0.025,6.554916376700706,0.0679808762852839,0.00013098434737048923,0.0
112,,,,56.159996,0.2,0.029166666666666667,108.84353741496598,1.0,105.0,0.85,1.0,1.0,0.8862047339173575,,2.6260134960427233,0.08571428571428572,0.0,0.0
113,0.00011407496984674354,0.14755591750144958,0.08835586532950397,173.15999,2.9999999999999996,4.0875,0.0,0.0,14715.0,1.0,0.0,0.0,1.0299406904224166,0.01,8.254630427122702,0.06945293917770982,0.0,0.0
114,4.695586800799918e-05,0.11324840784072876,0.05985548347234726,231.65999,2.5999999999999996,3.4244444444444446,0.0,0.0,12328.0,1.0,0.0,0.0,1.0864785968690587,0.015,11.181916045892665,0.07527579493835172,8.111615833874107e-05,0.0
115,2.8595320233916095e-05,0.1211133748292923,0.06106319688260553,203.57999,3.2099999999999995,5.3116666666666665,0.003281818949465469,1.0,19122.0,1.0,0.004934905068214368,1.0,1.0158292112552878,0.01,9.764363352284589,0.07274343687898756,5.2295784959732244e-05,0.0
116,4.54611555673271e-05,0.6468101739883423,0.33781201839447006,46.8,3.6000000000000005,5.483888888888889,0.01847354323308415,6.0,19742.0,1.0,0.018647406110407383,4.0,1.2270397304641756,0.03,2.221319603042171,0.07481511498328437,0.00010130685847431871,0.0
117,0.00019270556980701322,0.1014517992734909,0.04938509836792941,236.34,3.4,5.0280555555555555,0.0,0.0,18101.0,1.0,0.0,0.0,0.9956267786395603,0.01,11.314565731070884,0.07308988453676593,0.0001104911330865698,0.0
118,5.4980081813338824e-05,0.6783302426338196,0.30303722620010376,49.14,3.8,5.5777777777777775,0.014880716179108269,5.0,20080.0,1.0,0.01348354758898973,3.0,1.401791124062888,0.025,2.4472736950876004,0.07375498007968127,0.0,0.0
119,0.00011064580991433682,0.14900541305541992,0.07319889366626743,166.14,3.2,4.3125,0.0,0.0,15525.0,1.0,0.0,0.0,1.0077448283225519,0.01,8.111863807367415,0.06879227053140097,0.00032206119162640903,0.0
120,2.212060465237087e-05,0.33973604440689087,0.15839390754699667,65.52,3.0099999999999993,4.65,0.0,0.0,16740.0,1.0,0.0,0.0,0.9699714028995754,0.01,3.293758194358392,0.06941457586618877,0.00011947431302270011,0.0
121,0.0015206192067276718,0.3336334824562073,0.15599421560764304,58.499996,0.4,0.14916666666666667,0.0,0.0,537.0,1.0,0.0,0.0,0.8861295509245122,,2.892436827298046,0.0595903165735568,0.0,0.0
122,4.5549976672704314e-05,0.6407313346862793,0.32643563151359556,39.78,4.6000000000000005,7.480277777777777,0.006619128079605704,4.0,26929.0,1.0,0.007474452811975674,3.0,1.057109732178245,0.015,2.1415048711067524,0.05807865126814958,0.00014853875004641837,0.0
123,0.0007817482705146638,0.3743210434913635,0.15667641162872303,74.88,0.6,0.18861111111111112,2.6028053904099635,1.0,679.0,1.0,1.0,1.0,1.2342269524139817,,3.5601817400282316,0.08100147275405008,0.0014727540500736377,0.0
124,6.116192761869856e-05,0.4580327272415161,0.23386542797088627,46.8,5.4,13.029444444444444,0.003817881878439845,7.0,46906.0,1.0,0.004098988580591767,5.0,0.9550526528682531,0.01,2.4922396355511025,0.07007632285848292,4.263846842621413e-05,0.0
125,0.00010375352165531208,0.40437209606170654,0.19933075010776513,81.899994,3.8,6.096111111111111,0.01993244081898446,8.0,21946.0,1.0,0.007502811396545184,2.0,1.2625723648324014,0.02,3.9592549708762905,0.07372641939305569,9.113278046113187e-05,0.0
126,5.499663297474259e-05,0.08941635489463806,0.04554393030703066,287.81998,3.8,5.898888888888889,0.0,0.0,21236.0,1.0,0.0,0.0,1.0090826763663026,0.005,13.747225361498773,0.07251836504049727,0.00018835938971557733,0.0
127,0.0001512645225676682,0.1280820667743683,0.05642101913690567,175.5,3.2,4.736666666666666,0.0,0.0,17052.0,1.0,0.0,0.0,1.0011080897504026,0.01,8.569392653610768,0.07136992728125734,5.864414731409805e-05,0.0
128,9.065024286306692e-05,0.3538462221622467,0.17252066731452936,63.179996,2.0,1.8555555555555556,0.053784646276309654,2.0,6680.0,1.0,0.08422379307438266,2.0,0.9272250640166475,0.09,3.193708950025285,0.061676646706586825,0.0,0.0
129,3.089505693718256e-05,0.10610978305339813,0.039276957511901855,224.63998,4.800000000000001,12.803333333333333,0.0,0.0,46092.0,1.0,0.0,0.0,0.9462516624582724,0.005,10.6479449936541,0.06931788596719604,4.3391477913737744e-05,0.0
130,0.00048423637733283287,0.41066595911979675,0.12355908304452895,53.82,0.8,0.3333333333333333,0.0,0.0,1200.0,1.0,0.0,0.0,0.9956772635441861,,2.585544042418313,0.065,0.0,0.0
131,5.86614589949482e-05,0.4447704255580902,0.2945567727088928,49.14,4.809999999999999,12.072777777777778,0.0006352750969127513,1.0,43462.0,1.0,0.0009533670997825539,1.0,0.9850771007438586,0.005,2.1223943196079493,0.068634669366343,0.0,0.0
132,6.488632870596673e-05,0.23177550733089447,0.131505000591278,105.299995,4.80999999999999,11.803055555555556,0.001329282653873117,2.0,42491.0,1.0,0.001995915820791505,2.0,1.0192095692349488,0.005,5.1429843452451225,0.06737897437104327,7.060318655715329e-05,0.0
133,4.6793998340450853e-05,0.23250091075897217,0.1299026310443878,102.96,3.5999999999999996,7.1386111111111115,0.0036339487067625228,2.0,25699.0,1.0,0.0054658608777110596,2.0,1.0153956047056374,0.01,4.805739470147082,0.06887427526362894,0.0,0.0
134,3.781430750005844e-05,0.3206619620323181,0.23934811800718309,74.88,6.199999999999999,20.34027777777778,0.0,0.0,73225.0,1.0,0.0,0.0,0.9959121344762123,0.005,3.351089848854801,0.07109593717992489,6.828269033799931e-05,0.0
135,0.00010331840956280927,0.3114134967327118,0.35281219333410263,72.54,2.8,3.56,0.0,0.0,12816.0,1.0,0.0,0.0,0.9806135993415186,0.015,3.659106809047936,0.06835205992509363,7.802746566791511e-05,0.0
136,2.7139406646033106e-05,0.3100075125694275,0.2367374181747436,79.56,5.200000000000001,12.745,0.005130256441511511,9.0,45882.0,1.0,0.0077252242067898935,9.0,0.9754041095548658,0.01,3.997476073873896,0.0705723377359313,0.0001307702366941284,0.0
137,5.518794882840873e-05,0.3651842474937439,0.1906626999378203,63.179996,3.4099999999999913,5.748888888888889,0.002801614746146061,1.0,20696.0,1.0,0.004211289599263535,1.0,0.9158655240519078,0.01,3.2622821432411993,0.07011016621569385,0.0,0.0
138,,,,77.21999,0.4,0.09388888888888888,0.0,0.0,338.0,1.0,0.0,0.0,1.271807223044014,,3.9109165044725818,0.08284023668639054,0.0,0.0
139,7.61776312190337e-05,0.23236213624477386,0.10596614778041821,102.96,5.399999999999999,15.686388888888889,0.0,0.0,56471.0,1.0,0.0,0.0,0.9922012248027087,0.005,5.047431802165625,0.06989428202086026,5.312461263303288e-05,0.0
140,7.345341100776579e-05,0.2778344452381134,0.13865228071808816,91.259995,3.4,5.2011111111111115,0.010268458112517746,3.0,18724.0,1.0,0.015523171596991459,3.0,0.9884920522795101,0.02,3.7771426746116066,0.065210425122837,5.3407391582995086e-05,0.0
141,3.886663274480721e-05,0.4688001275062561,0.34761244207620606,51.48,5.209999999999999,12.88888888888889,0.0033442330558858496,6.0,46400.0,1.0,0.003349843782569639,4.0,0.9648789022893269,0.005,2.4101767674033967,0.06599137931034482,6.46551724137931e-05,0.0
142,4.569180507172215e-05,0.9299190640449524,0.4530048012733461,44.46,4.609999999999991,8.044722222222223,0.007153591609521879,5.0,28961.0,1.0,0.008621474845683652,4.0,1.5812414690592376,0.015,2.529336563235306,0.07213148717240427,6.905838886778772e-05,0.0
143,2.0382423344479056e-05,0.12827421724796295,0.06119279675185678,196.56,3.2,5.334444444444444,0.0032538524202653228,1.0,19204.0,1.0,0.0048927481224930736,1.0,0.9655987928335675,0.01,9.531664422773263,0.06555925848781503,0.0,0.0
144,1.821554321294016e-05,0.2559092044830322,0.10606409683823584,91.259995,3.2,5.539444444444444,0.003017475983732626,1.0,19942.0,1.0,0.004536503909459255,1.0,0.8746581016331765,0.01,4.49772229553943,0.07035402667736436,5.014542172299669e-05,0.0
145,0.0003577103529888857,0.24428150057792664,0.10635763108730317,100.619995,0.8,0.39361111111111113,0.0,0.0,1417.0,1.0,0.0,0.0,0.9237895249674077,,4.829346508484977,0.08045165843330981,0.0,0.0
146,0.0001459953255562842,0.12198830395936966,0.06082495898008347,229.31999,2.8000000000000003,3.8205555555555555,0.0,0.0,13754.0,1.0,0.0,0.0,1.099383856244844,0.015,11.107721761695222,0.06449033008579322,0.0002181183655663807,0.0
147,8.315143760941388e-05,0.25880953669548035,0.132878240942955,79.56,5.800000000000001,17.015833333333333,0.0003197936223370818,1.0,61257.0,1.0,0.0004798055401837864,1.0,0.9918683984321088,0.005,4.794273267896511,0.06968999461286057,4.897399480875655e-05,0.0
148,4.5311208879789794e-05,0.5325481295585632,0.2683170139789581,37.44,5.200000000000001,12.13861111111111,0.003770417989706121,6.0,43699.0,1.0,0.003777552942824003,4.0,0.9340111670560823,0.005,2.2231181548949044,0.07009313714272637,6.86514565550699e-05,0.0
149,0.00017648831743604903,0.12108765542507172,0.05419585444033147,198.9,3.4,5.168611111111111,0.003465999779810811,1.0,18607.0,1.0,0.0,0.0,1.081134734554837,0.01,11.513539830009178,0.07416563658838071,0.00021497285967646585,0.0
150,0.00015774913917916122,0.4282040596008301,0.20951010286808014,46.8,3.2,4.254166666666666,0.005116196823928965,1.0,15315.0,1.0,0.007703970819084138,1.0,0.95784674720684,0.015,3.005526419500811,0.06836434867776689,0.0001305909239307868,0.0
151,8.668833432935816e-05,0.22207313776016235,0.14382937848567964,98.28,3.2,4.556666666666667,0.0,0.0,16404.0,1.0,0.0,0.0,1.027429578390724,0.01,4.8967957408020055,0.07254328212631066,0.000182882223847842,0.0
152,6.188749379621926e-05,0.5780767202377319,0.23412988781929012,32.76,2.6000000000000005,3.026388888888889,0.0,0.0,10895.0,1.0,0.0,0.0,0.921880448078943,0.02,1.9357856345222384,0.06553464892152364,0.0,0.0
153,0.0003541572025238342,0.7614560127258301,0.2805507183074951,53.82,4.6000000000000005,6.497222222222222,0.002193414966145554,1.0,23390.0,1.0,0.0032955527832920772,1.0,1.7289149874733714,0.01,2.474253259365702,0.06515604959384352,0.0,0.0
154,3.782518592664586e-05,0.16045941412448883,0.08875605463981628,145.08,3.2,4.749444444444444,0.0,0.0,17098.0,1.0,0.0,0.0,0.9749327614256876,0.01,7.215916451964995,0.07234764299918119,5.848637267516669e-05,0.0
155,0.00017746701862052857,1.6395456790924072,1.0356042385101316,21.06,10.6,5.804722222222222,0.030227765595466638,11.0,20897.0,1.0,0.03353814797061294,8.0,1.160629569395086,0.045,0.7958978966547957,0.0713978082978418,4.78537589127626e-05,0.0
156,9.545462551298155e-05,0.1689600646495819,0.07997208163142205,149.76,2.8,3.535,0.0,0.0,12726.0,1.0,0.0,0.0,1.1086795823093032,0.015,7.167577556732253,0.07009272355807009,0.00015715857300015716,0.0
157,4.011635315654582e-05,0.894538164138794,0.3450966358184814,35.1,3.8000000000000003,5.347222222222222,0.025906560971496035,8.0,19250.0,1.0,0.01962244082049902,4.0,1.388202197893916,0.035,1.9807516607515474,0.06857142857142857,5.194805194805195e-05,0.0
158,7.623653254073599e-05,0.1299150586128235,0.05248376950621604,194.21999,3.1999999999999997,5.2027777777777775,0.0,0.0,18730.0,1.0,0.0,0.0,1.0884356243739788,0.01,9.216902196285197,0.06914041644420715,0.00010678056593699947,0.0
159,0.00011820466904738799,0.33755719661712646,0.16596490442752837,67.86,5.4,12.887777777777778,0.0027873414352999216,5.0,46396.0,1.0,0.003350422387447094,4.0,1.0055987414659866,0.005,3.5017259102184206,0.06802310544012415,6.466074661608759e-05,0.0
160,0.00012208901018835645,0.1600836217403412,0.10942631736397743,159.12,3.0,4.618333333333333,0.0,0.0,16626.0,1.0,0.0,0.0,1.0171507501688835,0.01,7.808342905184337,0.06886803801275111,6.014675808973896e-05,0.0
161,,,,69.03,0.2,0.042777777777777776,0.0,0.0,154.0,0.9333333333333333,0.0,0.0,0.8632167830399194,,3.3173654471108036,0.09090909090909091,0.0,0.0
162,5.467920344631655e-05,0.11555086076259613,0.05563310086727137,222.29999,2.9999999999999996,4.08,0.011124638671735942,2.0,14688.0,1.0,0.016828558193031973,2.0,1.066240294604244,0.025,10.801952937714375,0.07087418300653595,6.808278867102397e-05,0.0
163,5.780746228329805e-05,0.36028853058815,0.16372427344322205,65.52,5.800000000000001,16.971944444444443,0.00482174568601849,15.0,61099.0,1.0,0.007258964814114033,15.0,0.9896847281820246,0.01,3.5028500855318225,0.07140869736002226,3.273375996333819e-05,0.0
164,0.00017103882636664415,0.25753194093704224,0.23911910951137538,93.6,3.0000000000000004,3.8830555555555555,0.0,0.0,13979.0,1.0,0.0,0.0,1.0250655954423393,0.015,4.691076161154264,0.07268044924529651,0.00014307175048286716,0.0
165,0.0002353887182330016,0.09231343865394592,0.05362785756587972,292.5,3.009999999999991,4.625555555555556,0.0,0.0,16652.0,1.0,0.0,0.0,1.0985769751245398,0.01,14.126064079949144,0.07368484266154215,0.00012010569300984866,0.0
166,7.896175559472652e-05,0.4152328073978424,0.31271440982818605,56.159996,4.6,11.293888888888889,0.0007259207706696243,1.0,40658.0,1.0,0.0,0.0,0.9577035502889205,0.005,2.928409579668848,0.06808008264056274,9.838162231295194e-05,0.0
167,0.00019860161255685573,0.3505669832229614,0.24643182158470117,60.839996,2.2,2.2275,0.018661253783394255,1.0,8019.0,1.0,0.028395019233733443,1.0,0.8986464869146333,0.045,3.166729385747184,0.0648459907719167,0.00012470382840753212,0.0
168,4.514748065645859e-05,1.5263502597808838,1.1323062598705287,21.06,3.999999999999999,7.093333333333334,0.018402444080125126,10.0,25536.0,1.0,0.01670167260603217,6.0,1.3907429407117342,0.025,1.105039032161333,0.08869830827067669,0.00019580200501253132,0.0
169,6.098363837643505e-05,0.2949256896972656,0.1323006972670555,77.21999,5.599999999999998,15.643888888888888,0.0015133758189464566,4.0,56318.0,1.0,0.0017039996036394278,3.0,0.9835517439901938,0.005,3.787259792972546,0.07084768635249832,5.3268937107141586e-05,0.0
170,0.00010153394824182643,0.21232715249061584,0.2129440814256668,114.659996,5.399999999999999,13.665,0.0,0.0,49194.0,1.0,0.0,0.0,1.0153056137926764,0.005,5.551050764185882,0.07037443590681791,4.065536447534252e-05,0.0
171,0.00011259330844667827,0.24746689200401306,0.1645708829164505,98.28,3.3999999999999995,4.885555555555555,0.0038792550320015263,1.0,17588.0,1.0,0.005835911479399991,1.0,1.0344967308550652,0.015,4.774263419029889,0.07010461678417103,5.6856947919035704e-05,0.0
172,3.4344281535881835e-05,0.3985947072505951,0.17176793217658992,56.159996,5.0,13.15611111111111,0.0032097590312459355,6.0,47362.0,1.0,0.004826285060612112,6.0,0.9982221464224161,0.005,2.934030456235859,0.0676069422743972,4.2227946454963895e-05,0.0
173,5.944540309128289e-05,0.2531065344810486,0.11494939997792242,86.579994,3.1999999999999997,5.066111111111111,0.003607670152064861,1.0,18238.0,1.0,0.005426227198904399,1.0,0.9888059861822893,0.015,4.132373680849885,0.07539203860072376,5.48305735277991e-05,0.0
174,3.2783514439701715e-05,0.1084250882267952,0.054707040637731505,257.4,4.799999999999999,10.829166666666667,0.0,0.0,38985.0,1.0,0.0,0.0,1.0803142357868587,0.005,12.344286303721372,0.06925740669488265,7.695267410542516e-05,0.0
175,2.781736390376688e-05,0.6974019408226013,0.30301403999328613,32.76,5.4,10.153055555555556,0.016167959941657647,18.0,36551.0,1.0,0.021794786276632228,16.0,1.0772332871921582,0.02,2.018972549334636,0.0581653032748762,2.735903258460781e-05,0.0
176,0.0003260573690074413,0.09049056470394135,0.05426975712180136,332.28,3.8,6.715833333333333,0.0,0.0,24177.0,1.0,0.0,0.0,0.9527868528419151,0.005,13.742246411365455,0.07039748521321917,4.136162468461761e-05,0.0
177,0.00014623917965798954,0.15148697793483734,0.12301077991724,168.48,3.2,4.638333333333334,0.0,0.0,16698.0,1.0,0.0,0.0,1.0091304608495804,0.01,8.317582529357088,0.07276320517427237,5.9887411666067796e-05,0.0
178,5.312156892777549e-05,0.3449554443359375,0.17580968141555786,154.43999,4.000000000000001,6.958611111111111,0.005736570917343708,3.0,25051.0,1.0,0.005753120112860222,2.0,1.6066677414164952,0.015,6.030901938241675,0.07305097600894175,3.991856612510479e-05,0.0
179,7.873896478733881e-05,0.44315749406814575,0.1840711310505867,51.48,3.2,5.5072222222222225,0.006105778397753993,2.0,19826.0,1.0,0.009200996767387726,2.0,0.965721879905022,0.015,2.5754266790122107,0.06975688489861798,0.0,0.0
180,2.06502809719804e-05,0.39849331974983215,0.17127524912357328,53.82,5.009999999999991,12.2775,0.002457063328935328,4.0,44199.0,1.0,0.0036924119463939142,4.0,0.9790908685642532,0.005,2.540578101954811,0.07174370460870155,0.0001357496775945157,0.0
181,0.00011188970737248891,0.2610889673233032,0.10134774446487424,84.24,2.6,3.5130555555555554,0.0,0.0,12647.0,1.0,0.0,0.0,0.9978411570388187,0.015,4.352707325157338,0.0658654226298727,0.0,0.0
182,8.153153304922615e-05,0.49730992317199707,0.2133098304271696,86.579994,4.2,6.882777777777778,0.01368191187596531,7.0,24778.0,1.0,0.017748534798560422,6.0,1.6361188937785254,0.02,4.042441799922881,0.07268544676729356,8.071676487206392e-05,0.0
183,0.00011738833291553353,0.08239465206861496,0.03129824437201022,315.9,3.41,6.2316666666666665,0.0,0.0,22434.0,1.0,0.0,0.0,0.9793121573463156,0.005,15.107446186195924,0.06699652313452795,4.45751983596327e-05,0.0
184,0.002762799945900425,0.5385209918022156,0.12308785915374754,49.14,0.6,0.21055555555555555,0.0,0.0,758.0,1.0,0.0,0.0,1.0147978537033162,,2.3798246771850886,0.05672823218997362,0.0,0.0
185,4.1840581867165025e-05,0.48346513509750366,0.21543948352336878,46.8,5.200000000000001,13.175,0.0010668540062301606,2.0,47430.0,1.0,0.0008004608734776264,1.0,0.9919562701288478,0.005,2.180850149417761,0.07240143369175628,2.108370229812355e-05,0.0
186,8.45714354889843e-05,0.23465843498706818,0.14021968841552734,116.99999,2.8,3.6347222222222224,0.0,0.0,13085.0,1.0,0.0,0.0,1.0302247820177572,0.015,4.814893377235707,0.07351929690485288,0.0,0.0
187,9.562440637883471e-05,0.15028542280197144,0.0633993580937385,156.78,3.3999999999999995,4.785277777777778,0.004043541815238046,1.0,17227.0,1.0,0.006083819150585534,1.0,1.0328011610573862,0.015,7.573396053875242,0.07087711151100018,0.00011609682475184304,0.0
188,0.00020008223128706944,0.12364250421524048,0.05974936485290527,182.51999,3.0,4.186944444444444,0.005281798729233558,1.0,15073.0,1.0,0.007954333807006941,1.0,1.0020739782992973,0.02,8.771739064074751,0.06607841836396205,0.000132687587076229,0.0
189,3.514571896341532e-05,0.36599141359329224,0.16025215089321132,63.179996,5.600000000000001,15.619444444444444,0.005692936479574741,15.0,56230.0,1.0,0.006281961648609502,11.0,0.9748560112572981,0.01,3.0498177261275616,0.07067401742841899,7.113640405477504e-05,0.0
190,0.00013692844495693046,0.34659016132354736,0.15645349025726318,67.86,3.0,4.358055555555556,0.014625542182560155,3.0,15689.0,1.0,0.022184386782293397,3.0,1.0009615499820637,0.025,3.3308551220425957,0.06730830518197463,0.0,0.0
191,3.952118825454575e-05,1.2339832782745361,0.8557355314493179,16.38,6.200000000000001,15.751388888888888,0.008583538758382254,23.0,56705.0,1.0,0.012392296639593736,22.0,1.1493325608310854,0.005,1.1223509031586927,0.06031214178643859,3.527025835464245e-05,0.0
192,0.00011418965332663623,0.6947133541107178,0.420258241891861,30.419998,2.4,2.55,0.0,0.0,9180.0,1.0,0.0,0.0,1.004574663380716,0.025,1.9236447984349154,0.06132897603485839,0.0,0.0
193,8.254461369191439e-05,0.14425569772720337,0.09598557427525523,159.12,3.1999999999999997,4.873611111111111,0.0,0.0,17545.0,1.0,0.0,0.0,1.0570237259062516,0.01,9.208134357850017,0.07295525790823597,5.699629524080935e-05,0.0
194,7.950490579179899e-05,0.3694811463356018,0.18515043854713437,46.8,3.4,4.983333333333333,0.0037285190695107813,1.0,17940.0,1.0,0.005608506275587843,1.0,0.9570759484079964,0.015,2.66288550289844,0.07302118171683389,0.00016722408026755852,0.0
195,0.00013688464296516002,0.11788029968738556,0.04804626442492006,201.23999,3.4,5.173333333333333,0.003459675133737202,1.0,18624.0,1.0,0.005203048557752998,1.0,1.0750803311360932,0.015,11.473071062511222,0.06743986254295532,0.00010738831615120275,0.0
196,,,,39.78,0.2,0.035555555555555556,73.2421875,1.0,128.0,0.95,1.0,1.0,1.3846096912487247,,2.5010081172298326,0.078125,0.0,0.0
197,4.1610628365168075e-05,0.10743823647499084,0.047132391110062594,212.93999,3.209999999999999,5.207777777777777,0.0034140616276361283,1.0,18748.0,1.0,0.00513427282015011,1.0,1.0887042446438269,0.01,10.26348604188027,0.07280776616172392,0.0,0.0
198,8.542187603316723e-05,0.20254144072532654,0.14740685746073723,109.979996,2.609999999999999,3.4186111111111113,0.0,0.0,12307.0,1.0,0.0,0.0,1.0424192977976323,0.015,5.425145702059042,0.06874136670187699,0.0,0.0
199,8.02580119340295e-05,0.2512357831001282,0.1257993996143341,84.24,3.0,4.386388888888889,0.004812402890471944,1.0,15791.0,1.0,0.00724484824878191,1.0,0.9374764705179319,0.015,3.880564414254274,0.0674434804635552,0.00012665442340573744,0.0
200,,,,56.159996,0.4,0.07861111111111112,0.0,0.0,283.0,1.0,0.0,0.0,1.2580605733771717,,2.9036783660175507,0.0636042402826855,0.0,0.0
201,9.691243152868133e-05,0.2021913230419159,0.10316456258296963,109.979996,3.1999999999999997,4.928333333333334,0.0038122036797905968,1.0,17742.0,1.0,0.00573474919384398,1.0,1.0445076276527765,0.015,5.36781426197715,0.06735430052981625,5.636343140570398e-05,0.0
202,5.3272706990000005e-05,0.28106245398521423,0.12533075734972962,74.88,3.0,4.308611111111111,0.0,0.0,15511.0,1.0,0.0,0.0,0.9808601483238271,0.01,3.7265560413649648,0.06878989104506479,0.00019341112758687384,0.0
203,0.00014846754622828594,0.5503584742546082,0.2654578760266304,37.44,7.0,4.811111111111111,0.05200305084564961,13.0,17320.0,1.0,0.06833898034442876,11.0,0.9598861078353229,0.07,1.9459028692796307,0.07026558891454965,0.00017321016166281755,0.0
204,7.762129634954807e-05,0.4841530919075012,0.36816341280937187,42.12,11.01999999999999,9.247777777777777,0.014074884070954218,13.0,33292.0,1.0,0.021340024427719095,13.0,0.9456645665357016,0.02,2.1145253068286514,0.06842484681004446,6.007449237053947e-05,0.0
205,0.00013783861732336364,0.7842656970024109,0.3809851258993149,28.079998,2.9999999999999996,4.036944444444444,0.0,0.0,14533.0,1.0,0.0,0.0,1.0296368841662669,0.01,1.2331921232932017,0.06516204500103213,0.00020642675290717677,0.0
206,5.26111995578075e-05,0.5268884897232056,0.2581707760691643,37.44,2.8000000000000003,3.7025,0.013508779279666972,2.0,13329.0,1.0,0.020472735366187433,2.0,0.8808887394172072,0.03,1.986372322904041,0.06504613999549853,7.502438292445044e-05,0.0
207,0.00026649043737041585,0.1890040785074234,0.12027226388454437,145.08,3.1999999999999997,4.965277777777778,0.0,0.0,17875.0,1.0,0.0,0.0,1.0812195006388827,0.01,7.059659299619848,0.0697062937062937,5.5944055944055945e-05,0.0
208,5.2566273920789084e-05,0.5928562879562378,0.325024102628231,37.44,5.199999999999999,13.029166666666667,0.004908914578647919,9.0,46905.0,1.0,0.007390682965318751,9.0,0.9936233943073822,0.01,1.9818756216504325,0.06958746402302526,0.00010659844366272253,0.0
209,9.199723903897649e-05,,,35.1,13.799999999999999,8.269166666666667,0.009478743996142396,7.0,29769.0,1.0,0.012262136563013781,6.0,0.9817545439712507,0.02,1.832363735600215,0.06980415868856865,0.0001007759750075582,0.0
210,,,,105.299995,0.0,0.03027777777777778,0.0,0.0,109.0,0.05,0.0,0.0,1.2152901232356397,,5.087900826961001,0.027522935779816515,0.0,0.0
211,9.852840537557262e-05,,,105.299995,17.4,10.173055555555555,0.0008946917075377559,1.0,36623.0,1.0,0.0013429393042941884,1.0,1.0228266386550535,0.005,4.949630479630288,0.0709663326324987,0.0,0.0
212,0.00012041338761760516,0.16174812614917755,0.09107156395912169,163.79999,4.819999999999991,12.293055555555556,0.0,0.0,44255.0,1.0,0.0,0.0,1.0550649613007508,0.005,8.17706383139957,0.07047791210032765,2.259631680036154e-05,0.0
213,,,,50.309998,0.2,0.020555555555555556,0.0,0.0,74.0,0.7166666666666667,0.0,0.0,2.2134697625851945,,3.14306145368642,0.08108108108108109,0.0,0.0
214,0.00024284132190231743,0.10823086649179459,0.053712410479783965,269.09998,2.9999999999999996,4.057222222222222,0.0,0.0,14606.0,1.0,0.0,0.0,1.1320928195947544,0.01,11.09342901250478,0.07045049979460495,6.846501437765302e-05,0.0
215,9.035061552638973e-05,0.178607776761055,0.11928944289684296,154.43999,3.2099999999999995,5.511666666666667,0.0,0.0,19842.0,1.0,0.0,0.0,1.049533654611053,0.01,6.363329102923292,0.07040620905150691,5.0398145348251183e-05,0.0
216,8.061622231638148e-05,0.3624598979949951,0.28404057025909424,70.2,4.799999999999999,12.796666666666667,0.0033926087675459782,6.0,46068.0,1.0,0.0042497913225751915,5.0,1.006516643819061,0.005,2.9648642746129057,0.07180689415646435,4.341408352869671e-05,0.0
217,9.704335900878095e-05,0.20569941401481628,0.16326317936182028,131.04,3.2,5.283055555555555,0.0,0.0,19019.0,1.0,0.0,0.0,1.0527881722837091,0.01,5.4980551532084485,0.07392607392607392,0.0,0.0
218,2.239606660412383e-05,0.3732451796531677,0.17816301584243777,60.839996,4.6099999999999905,10.706388888888888,0.0048466478579796525,6.0,38543.0,1.0,0.006076773410012892,5.0,0.86562626080021,0.01,2.521628116298706,0.06761279609786472,2.5945048387515243e-05,0.0
219,0.00013551643321904513,0.6172771453857422,0.2570097267627715,72.54,3.4099999999999913,4.543055555555555,0.022431078408675746,5.0,16355.0,1.0,0.020395968329864567,3.0,1.6373578868838377,0.04,2.978354010805988,0.0698257413634974,0.0,0.0
220,0.00012322653144403802,0.33083075284957886,0.15856579691171646,70.2,3.1999999999999997,4.945555555555556,0.01135709685549245,3.0,17804.0,1.0,0.017183277801235963,3.0,1.0027867404310136,0.02,3.53657448727582,0.06975960458323972,0.00016850146034598967,0.0
221,9.145632414302571e-05,0.6543641090393066,0.3659537851810454,42.12,4.8,9.210555555555555,0.019646133765846122,18.0,33158.0,1.0,0.023189362663865287,14.0,1.078863164100978,0.025,1.7864343694498805,0.06206646963025514,9.047590325110079e-05,0.0
222,0.00012687773454053344,0.10961330682039261,0.0561194010078907,231.65999,3.5999999999999996,6.275555555555556,0.0,0.0,22592.0,1.0,0.0,0.0,1.0123638231508771,0.005,11.231378902024293,0.07219369688385269,0.0,0.0
223,0.0001257681217159318,0.19603298604488373,0.12771101742982865,128.7,3.4000000000000004,5.566666666666666,0.002988035904239425,1.0,20040.0,1.0,0.004492143533120219,1.0,1.0210862342465687,0.01,6.171581385825761,0.06676646706586827,0.0,0.0
224,3.601930323251902e-05,0.25188151001930237,0.1269775778055191,93.6,3.1999999999999997,5.158055555555555,0.0,0.0,18569.0,1.0,0.0,0.0,0.9193177417351871,0.01,4.66634473308845,0.06661640368355862,5.385319618719371e-05,0.0
225,2.341976467423274e-05,0.44341951608657837,0.2503102481365203,49.14,5.799999999999999,15.338055555555556,0.004329406020132022,11.0,55217.0,1.0,0.005921266178576912,10.0,0.8731569801073115,0.005,2.3528451129069876,0.06693590741981637,7.24414582465545e-05,0.0
226,0.002330226755165963,1.0359532833099365,0.3749223828315734,35.1,0.6,0.21472222222222223,0.0,0.0,773.0,1.0,0.0,0.0,1.4281589775568078,,1.5693128230778404,0.07115135834411385,0.0,0.0
227,4.9364324323745876e-05,0.5333994626998901,0.28671753108501424,42.12,3.4000000000000004,5.384444444444444,0.0031937023936075533,1.0,19384.0,1.0,0.004802083593832385,1.0,0.9476795535786973,0.01,2.3798246771850886,0.06634337598018984,0.00015476681799422203,0.0
228,,,,70.2,0.2,0.035277777777777776,0.0,0.0,127.0,0.8666666666666667,0.0,0.0,0.9519288492684145,,3.5478160259953246,0.07086614173228346,0.0,0.0
229,0.00018104524998672708,0.2395394742488861,0.1240040957927703,102.96,2.5999999999999996,3.408333333333333,0.015941240587195597,2.0,12270.0,1.0,0.02420479697919542,2.0,1.0215030763548567,0.035,4.936140804698496,0.0706601466992665,8.149959250203749e-05,0.0
230,0.001409093471598607,0.35821908712387085,0.18411877155303952,60.839996,0.809999999999991,0.3813888888888889,0.0,0.0,1373.0,1.0,0.0,0.0,0.9383827104689798,,3.116142568716671,0.06700655498907501,0.0,0.0
231,0.00012455960448366622,0.257251113653183,0.13739146888256057,95.939995,2.8000000000000003,3.878888888888889,0.0,0.0,13964.0,1.0,0.0,0.0,1.0232627901705884,0.015,4.752904302489765,0.06953594958464623,7.161271841879118e-05,0.0
232,,,,63.179996,0.2,0.02722222222222222,124.94793835901709,1.0,98.0,0.8166666666666667,1.0,1.0,1.0677771013224036,,3.0604398213070287,0.07142857142857142,0.0,0.0
233,4.765980183410503e-05,0.5601760745048523,0.27599359005689617,63.179996,3.5999999999999996,4.921388888888889,0.015291879496841984,4.0,17717.0,1.0,0.011535442843428445,2.0,1.3685427217548711,0.025,3.0307071746287586,0.07055370548061184,0.0,0.0
234,4.9481248821915636e-05,0.34945088624954224,0.32298092246055554,67.86,3.4000000000000004,5.424722222222222,0.018878717405950117,6.0,19529.0,1.0,0.028730805707218088,6.0,0.9966457791449591,0.03,3.1318808086897847,0.06912796354139997,0.0001536176967586666,0.0
235,5.263205884416586e-05,0.09870951622724533,0.07482966408133507,248.04,3.0,4.345833333333333,0.0,0.0,15645.0,1.0,0.0,0.0,1.0033935293449896,0.01,11.813687563008498,0.06621923937360179,0.0001278363694471077,0.0
236,4.059322592913513e-05,0.6252703666687012,0.27584789395332343,67.86,3.6,5.003611111111111,0.01849179849749761,5.0,18013.0,1.0,0.01678346092811056,3.0,1.631040889670121,0.03,3.008224311604266,0.06883917170932105,0.0,0.0
237,7.594380518346995e-05,0.20519432425498962,0.10720701366662977,119.34,3.0,4.230277777777777,0.005174143540512322,1.0,15229.0,1.0,0.007791569589099323,1.0,1.0226677466420875,0.02,5.729790565141005,0.07203362006697747,0.00019699257994615536,0.0
238,0.0001174171508067574,0.1958221048116684,0.09376554489135741,126.35999,3.0099999999999913,4.798611111111111,0.0,0.0,17275.0,1.0,0.0,0.0,1.0356975796654078,0.01,6.122118529694133,0.06795947901591896,5.7887120115774244e-05,0.0
239,2.101745517017684e-05,0.35240769386291504,0.15388336777687073,63.179996,3.2,4.741666666666666,0.016473056771301467,4.0,17070.0,1.0,0.02502265170615603,4.0,0.9285194572157286,0.025,3.0981561925312704,0.06572934973637962,5.858230814294083e-05,0.0
240,7.967693583607411e-05,0.11125962436199188,0.04824933707714081,245.7,3.4000000000000004,5.480833333333333,0.0,0.0,19731.0,1.0,0.0,0.0,1.0653228041986054,0.01,11.815936342464337,0.07161319750646192,5.068166844052506e-05,0.0
241,,,,60.839996,0.2,0.02722222222222222,0.0,0.0,98.0,0.8,0.0,0.0,0.9234115047919906,,3.020291775043822,0.09183673469387756,0.0,0.0
242,0.008117424093252367,0.4333643615245819,0.1281621992588043,65.52,0.6,0.2425,0.0,0.0,873.0,1.0,0.0,0.0,1.0661778620413704,,3.090287179751972,0.052691867124856816,0.0,0.0
243,0.00012911885043130218,0.7066541910171509,0.5414876580238339,32.76,2.5999999999999996,3.5519444444444446,0.007339118764732859,1.0,12787.0,1.0,0.011069950044088617,1.0,0.9947746952278308,0.02,1.8368604368538237,0.06968014389614452,7.820442637053257e-05,0.0
244,1.3049857271143006e-05,0.11358089745044708,0.04487432800233361,238.68,3.4000000000000004,5.621666666666667,0.002929854564656279,1.0,20238.0,1.0,0.004404481575960961,1.0,1.058896130236803,0.01,11.424731909981059,0.07144974799881411,0.0,0.0
245,1.755753506888911e-05,0.2566823959350586,0.10871859490871424,88.92,5.409999999999991,15.133055555555556,0.0016172716847637778,4.0,54479.0,1.0,0.0024288572007965525,4.0,0.8913570667913608,0.005,4.270644457009632,0.0692743993098258,5.506709007140366e-05,0.0
246,8.492543938710109e-05,0.6757872700691223,0.3151513904333114,53.82,3.8099999999999907,6.088333333333333,0.007493775108361862,3.0,21918.0,1.0,0.007522065845655068,2.0,1.4153261701010649,0.015,2.708076364190429,0.07099187882106031,0.00018249840313897252,0.0
247,1.4759747572308575e-05,0.46031951904296875,0.2916668832302092,49.14,5.409999999999991,15.125277777777777,0.0028331369352780195,7.0,54451.0,1.0,0.002431358840286335,4.0,0.918769947134052,0.005,2.1920916881372654,0.06877743292134213,5.5095406879579806e-05,0.0
248,2.445066547819981e-05,4.185293197631836,2.4747157335281376,16.38,7.800000000000001,23.206666666666667,0.03369820650992682,196.0,83544.0,1.0,0.020848893179482353,80.0,1.1226375865069902,0.01,0.7239523383095632,0.08342909125730154,0.0001316671454562865,0.0
249,,,,73.71,0.2,0.03888888888888889,183.67346938775512,3.0,140.0,0.9,1.0,3.0,1.0625933087195352,,3.606272070219653,0.09285714285714286,0.0,0.0
250,6.703453560103592e-05,0.30768218636512756,0.19650351703166946,79.56,3.0,4.294722222222222,0.0,0.0,15461.0,1.0,0.0,0.0,1.0055960161293007,0.01,3.827729246596957,0.06791281288403078,6.467886941336265e-05,0.0
251,,,,58.499996,0.4,0.07472222222222222,16.583518746285982,1.0,269.0,1.0,1.0,1.0,0.8773209998695249,,2.7114488901306357,0.048327137546468404,0.0,0.0
252,0.00013554057315997263,0.6718376874923706,0.4187847703695293,35.1,2.9999999999999996,4.093055555555556,0.022107567362736474,4.0,14735.0,1.0,0.03373021473721405,4.0,1.0064795360533643,0.035,1.9414063824405392,0.06087546657617916,0.0,0.0
253,5.113279790030441e-05,0.1690150946378708,0.15658146739006032,147.42,3.4000000000000004,5.4127777777777775,0.01264141942745347,4.0,19486.0,1.0,0.019145402356883667,4.0,1.035217514441192,0.02,7.357558681992363,0.0676383044236888,5.1318895617366314e-05,0.0
254,0.00012124375277137473,0.1281062662601471,0.057036858797073375,194.21999,2.8000000000000003,3.9586111111111113,0.005908681300950405,1.0,14251.0,1.0,0.008902650544786894,1.0,1.06778921541213,0.02,9.421497386205019,0.07150375412251772,0.0,0.0
255,5.357143864332595e-05,0.30879753828048706,0.14272918701171874,74.88,3.5999999999999996,5.963611111111111,0.013017500960436646,5.0,21469.0,1.0,0.015744952923810507,4.0,0.9542455288029487,0.02,3.4994775595916163,0.07019423354604314,0.0,0.0
256,0.0009157610678621594,0.3731180429458618,0.1234762415289879,56.159996,0.6,0.1963888888888889,4.801450037911449,2.0,707.0,1.0,1.0,2.0,0.8565707845733981,,2.738428454408737,0.05233380480905234,0.0,0.0
257,0.00031657505511918714,0.37124013900756836,0.18029150962829593,58.499996,4.8,5.21,0.04093379817754544,12.0,18756.0,1.0,0.047162682248159005,9.0,0.9047342392524137,0.05,3.0385764018225743,0.06163361057794839,0.0,0.0
258,0.0002929242751200437,0.4655090272426605,0.1882050901651382,49.14,2.209999999999991,1.3297222222222222,0.10473320329251516,2.0,4787.0,1.0,0.17186933994540776,2.0,0.9807896303359414,0.195,2.3438519248142873,0.06287862962189263,0.0,0.0
259,2.4222354449109487e-05,0.26240670680999756,0.11696596071124077,86.579994,3.6100000000000003,6.479444444444445,0.0022054677087952486,1.0,23326.0,1.0,0.0033136918399980786,1.0,1.0071822930927052,0.01,4.133498070577804,0.06983623424504844,0.0,0.0
260,,,,56.159996,0.4,0.09222222222222222,0.0,0.0,332.0,1.0,0.0,0.0,1.0545861542747172,,2.6822209752257304,0.08734939759036145,0.0,0.0
261,1.0991176131789174e-05,0.18319863080978394,0.19106759652495353,154.43999,5.609999999999998,16.44972222222222,0.00034218353394179966,1.0,59219.0,1.0,0.0005134070943350055,1.0,0.981835795210107,0.005,6.357547997450681,0.07053479457606511,5.065941674124858e-05,0.0
262,0.0009524811396004399,0.8560889363288879,0.673703208565712,60.839996,0.6,0.15416666666666667,0.0,0.0,555.0,1.0,0.0,0.0,1.9298597838388962,,3.2568218631475316,0.07027027027027027,0.0,0.0
263,7.941908387628452e-05,0.15614497661590576,0.1387188658118248,184.86,3.0000000000000004,3.985,0.0,0.0,14346.0,1.0,0.0,0.0,0.9544157075386119,0.015,7.715199156051761,0.06893907709466053,0.0,0.0
264,2.0628869398617398e-05,0.624671995639801,0.32429798841476437,39.78,5.199999999999999,13.305555555555555,0.005753113000727856,11.0,47900.0,1.0,0.007085742556499963,9.0,0.9434690174381768,0.01,1.7710172917928082,0.07075156576200417,6.263048016701462e-05,0.0
265,2.2746024984333147e-05,0.29289230704307556,0.16635479331016534,84.24,4.800000000000001,11.359722222222222,0.0007175312512141039,1.0,40895.0,1.0,0.001076876708543839,1.0,0.9893527515794295,0.005,3.6191194205193633,0.06817459347108448,7.335860129600196e-05,0.0
266,0.00013530459556668957,0.14246070384979248,0.12381981275975709,208.26,3.1999999999999997,5.1497222222222225,0.003491472591732121,1.0,18539.0,1.0,0.005250995363753286,1.0,0.9821025062457754,0.015,8.683574020030331,0.07044608662818923,0.0,0.0
267,0.00043097935809879607,0.31551095843315125,0.3527974709868431,88.92,2.4099999999999993,3.7063888888888887,0.006740223133626457,1.0,13343.0,1.0,0.010161967492094859,1.0,0.9948647386395999,0.02,3.4630229565394948,0.06467810837143072,0.00014989132878662968,0.0
268,1.7789332916574352e-05,0.49114930629730225,0.2336405992507934,49.14,2.9999999999999996,4.071944444444444,0.0,0.0,14659.0,1.0,0.0,0.0,0.9398350272461871,0.01,2.115970613827449,0.06842212974964186,0.00013643495463537759,0.0
269,9.481034626981724e-05,0.6610463261604309,0.3496070861816405,56.159996,3.6000000000000005,5.468333333333334,0.018578794665396373,6.0,19686.0,1.0,0.00933294930405415,2.0,1.112115857131103,0.02,2.515846827042224,0.0694402113176877,0.0001015950421619425,0.0
270,7.36666271169232e-05,2.242400646209717,2.134710907936096,21.06,6.799999999999999,17.920833333333334,0.03171410998413699,110.0,64515.0,1.0,0.024518629213504672,56.0,1.4397139424777423,0.01,0.8749095543315626,0.08701852282414942,7.750135627373479e-05,0.0
271,4.085715354480542e-05,0.24351556599140167,0.09894862174987792,95.939995,3.6,5.216111111111111,0.0,0.0,18778.0,1.0,0.0,0.0,0.9998741921893355,0.01,4.873188273635076,0.06757908190435616,0.0,0.0
272,7.634015275966766e-05,0.40411582589149475,0.1653263121843338,53.82,5.4,14.042222222222222,0.004226171050710772,9.0,50552.0,1.0,0.005650860848445238,8.0,0.9424804546348359,0.01,2.6529930603208247,0.06660468428548821,5.9344833043203036e-05,0.0
273,0.004378683151556551,0.40830352902412415,0.18685037195682525,51.48,0.6,0.25277777777777777,0.0,0.0,910.0,1.0,0.0,0.0,0.9063799404582772,,2.7710286808393323,0.056043956043956046,0.0,0.0
274,,,,46.8,0.2,0.021388888888888888,0.0,0.0,77.0,0.7333333333333333,0.0,0.0,0.8558814663951572,,2.1942815036008887,0.05194805194805195,0.0,0.0
276,0.00013073729821372763,0.6319949626922607,0.32195544242858887,35.1,5.4,12.175277777777778,0.016864841032599217,27.0,43831.0,1.0,0.020829517892096527,22.0,1.022297538522414,0.01,1.818874060668423,0.05735666537382218,4.562980538888002e-05,0.0
277,0.0014178892172803266,0.35588976740837097,0.1810097619891166,56.159996,0.4,0.14666666666666667,0.0,0.0,528.0,1.0,0.0,0.0,0.8760129928427861,,2.6777242739721214,0.07765151515151515,0.0,0.0
278,4.484451170553026e-05,0.17805801331996918,0.10692646503448486,133.37999,3.3999999999999995,5.876666666666667,0.0,0.0,21156.0,1.0,0.0,0.0,1.019860909841923,0.005,6.478474170705494,0.0710909434675742,0.00014180374361883155,0.0
279,2.8442761665109923e-05,0.16228219866752625,0.08744252845644951,147.42,3.2,4.673333333333333,0.004239578945369125,1.0,16824.0,1.0,0.006379718824191527,1.0,0.9965491930458241,0.015,7.152963920901576,0.0702567760342368,0.0,0.0
280,0.00012753181504728542,0.2804892659187317,0.18978077918291092,86.579994,3.1999999999999997,4.883611111111111,0.015529379011418563,4.0,17581.0,1.0,0.02357188540797106,4.0,0.9878157242541984,0.025,4.414535466492839,0.07172515784085091,5.6879585916614524e-05,0.0
281,0.00016271161079989784,0.15909233689308167,0.06889010444283486,149.76,2.9999999999999996,5.036111111111111,0.0073015595827036995,2.0,18130.0,1.0,0.011012982263220561,2.0,0.9423738587062465,0.015,7.037176222180839,0.06784335355763928,0.0,0.0
282,0.00012086602336496946,0.2318892776966095,0.14994405210018158,102.96,3.4,5.2988888888888885,0.009892996905778351,3.0,19076.0,1.0,0.014951265529128732,3.0,0.984206713373763,0.02,5.081156203909622,0.06956384986370308,5.242189138184106e-05,0.0
283,0.00032275200809837797,0.18865521252155304,0.06294981390237808,124.02,0.8,0.3736111111111111,0.0,0.0,1345.0,1.0,0.0,0.0,0.9095064065129392,,6.001834558548821,0.09516728624535316,0.0,0.0
284,0.00010714658473395697,0.8888180255889893,0.4236085653305053,37.44,5.0,5.0625,0.010838456197395383,3.0,18225.0,1.0,0.016392033680179163,3.0,1.3336602042869525,0.025,1.8615916505051207,0.07407407407407407,5.486968449931413e-05,0.0
285,1.5273880536048404e-05,2.761545419692993,2.3339828252792354,16.38,5.609999999999992,14.777222222222223,0.016112919315951563,38.0,53198.0,1.0,0.008944510174153653,14.0,1.2927762664930262,0.01,0.5519574284239654,0.09145080642129404,0.00016917929245460354,0.0
286,5.8054475622318165e-05,0.23848354816436768,0.11072623655200006,100.619995,3.4,5.2844444444444445,0.0,0.0,19024.0,1.0,0.0,0.0,1.00353259808635,0.01,4.800118807994588,0.06928090832632464,5.256518082422203e-05,0.0
287,0.00010652207702348501,0.32691267132759094,0.11478214859962466,72.54,3.1999999999999997,5.074722222222222,0.0035954370919090884,1.0,18269.0,1.0,0.005407777667514213,1.0,0.9630259130056467,0.015,3.5444437144696352,0.06842191690842411,5.473753352673928e-05,0.0
288,1.5455078833429e-05,0.5304874777793884,0.23542752265930184,42.12,4.6,9.581388888888888,0.026223620856052135,26.0,34493.0,1.0,0.03385697380889108,22.0,0.9678925503673809,0.02,2.130263546801765,0.06186762531528136,8.697416867190444e-05,0.0
289,2.4643840619447384e-05,0.8891355395317078,0.4327618241310116,25.74,4.6000000000000005,6.3036111111111115,0.01631155856711028,7.0,22693.0,1.0,0.01763211564438083,5.0,1.0388727919283594,0.025,1.3366138935665148,0.06618781121931873,0.0,0.0
290,1.8358600601104087e-05,0.31884101033210754,0.14480412006378174,70.2,6.0,17.10472222222222,0.0003164784865761624,1.0,61577.0,1.0,0.00047483046184804145,1.0,0.9927403223409429,0.005,3.6422448225904547,0.07163388927684038,1.6239829806583627e-05,0.0
291,1.398098138798815e-05,0.2585746645927429,0.10658005923032754,86.579994,6.399999999999999,19.708333333333332,0.0004767672794616106,2.0,70950.0,1.0,0.0007154068226533639,2.0,0.9753712708997593,0.005,4.19757456254011,0.06755461592670894,0.0,0.0
292,5.137969418026156e-05,4.8001933097839355,4.308642864227293,18.72,5.009999999999991,9.911111111111111,0.017909569868688288,19.0,35680.0,1.0,0.014240530460761125,10.0,1.436018139656776,0.02,0.9038162762897818,0.08452914798206278,2.8026905829596413e-05,0.0
293,1.6030897639708834e-05,0.25129812955856323,0.11026140078902241,93.6,4.800000000000001,11.5575,0.0,0.0,41607.0,1.0,0.0,0.0,1.0109786079130008,0.005,4.592150877720043,0.06919508736510684,7.210325185665874e-05,0.0
294,,,,56.159996,0.4,0.12944444444444445,0.0,0.0,466.0,1.0,0.0,0.0,0.912701429144942,,2.8002565957442376,0.07510729613733906,0.0,0.0
295,3.0168339897085026e-05,0.44683051109313965,0.19599255919456476,53.82,5.0,9.862222222222222,0.015231639730696486,16.0,35504.0,1.0,0.02019545535503775,14.0,1.0245618826990264,0.015,2.6080271198573226,0.059260928346101846,2.8165840468679586e-05,0.0
296,0.00906920848826194,0.7151609659194946,0.3507572114467621,25.74,0.4,0.15861111111111112,11.041556123309643,3.0,571.0,1.0,1.0,3.0,0.9784442179550368,,1.9678238590619392,0.06129597197898424,0.0,0.0
297,0.0002449930845253247,0.39576128125190735,0.20249932110309588,53.82,2.4000000000000004,3.1075,0.009588572799189421,1.0,11187.0,1.0,0.01448780748159606,1.0,0.8883855089601977,0.03,2.809249783836938,0.0713327969965138,0.0,0.0
298,,,,39.78,0.2,0.0175,0.0,0.0,63.0,0.5666666666666667,0.0,0.0,1.5656290894103935,,2.07164712051861,0.06349206349206349,0.0,0.0
299,0.00012941615083620383,0.6102706789970398,0.3672553300857544,37.44,3.3999999999999995,5.870555555555556,0.0,0.0,21134.0,1.0,0.0,0.0,0.980726129092261,0.005,1.9324131943478389,0.06676445537995647,0.00014195135800132487,0.0
300,,,,58.499996,0.2,0.025277777777777777,0.0,0.0,91.0,0.7166666666666667,0.0,0.0,0.976641840981715,,2.931436254992896,0.0989010989010989,0.0,0.0
301,0.0002556464371961659,0.45616841316223145,0.2093147069215774,44.46,2.209999999999999,2.2088888888888887,0.0569311239671429,3.0,7952.0,1.0,0.08939216558467322,3.0,0.91607549887483,0.11,2.0976631059566526,0.06300301810865191,0.00012575452716297788,0.0
302,7.733092859804101e-05,0.37591874599456787,0.19612486064434054,56.159996,2.8,4.055833333333333,0.016886408800790995,3.0,14601.0,1.0,0.02565880021543432,3.0,0.9436355127568228,0.035,2.7226902144356235,0.0682145058557633,0.0,0.0
303,,,,58.499996,0.4,0.07916666666666666,0.0,0.0,285.0,0.95,0.0,0.0,0.8526743962915507,,2.69458647484412,0.05964912280701754,0.0,0.0
304,0.00022642976112484953,0.4215909540653229,0.18329442739486684,49.14,2.8000000000000003,3.7155555555555555,0.006707006478789405,1.0,13376.0,1.0,0.010111632271784021,1.0,0.9288912927052448,0.02,2.452894357240094,0.06937799043062201,0.00037380382775119617,0.0
305,0.0013001583251167229,0.4788953363895416,0.28390929102897644,53.82,0.6,0.22777777777777777,1.784651992861392,1.0,820.0,1.0,1.0,1.0,1.138180833737847,,2.6653585599392144,0.06585365853658537,0.0,0.0
306,0.00019788948492801997,0.305550217628479,0.14969207644462584,70.2,2.6,3.8577777777777778,0.03732957803308628,6.0,13888.0,1.0,0.047804613056078527,5.0,0.8877972293433473,0.055,3.5129674489379252,0.06631624423963134,0.0,0.0
307,7.99144107685901e-05,0.5287119150161743,0.3007937684655188,39.78,3.1999999999999997,5.2025,0.010262976192794523,3.0,18729.0,1.0,0.015514819094966548,3.0,0.9890278568395132,0.02,2.054945516119955,0.07373591756100166,5.339313364301351e-05,0.0
308,0.0003417429968453736,0.35085174441337585,0.15849150121212002,60.839996,3.0,4.44,0.018787556325093862,4.0,15984.0,1.0,0.014191364659266514,2.0,0.980463100963279,0.03,2.727186915689232,0.07013263263263263,6.256256256256256e-05,0.0
309,0.00045199149515001816,0.2872166633605957,0.11354439258575436,72.54,2.8,3.515277777777778,0.05994416762762058,8.0,12655.0,1.0,0.08204217963051486,7.0,0.9761597484183203,0.075,3.6175133945246407,0.06787830896878704,0.0,0.0
310,4.5942670465471616e-05,0.36170893907546997,0.2357653215527532,63.179996,3.0,4.558333333333334,0.031193357597309346,7.0,16410.0,1.0,0.02025806738828151,3.0,0.97431354461835,0.045,3.376945452234017,0.07257769652650822,6.093845216331505e-05,0.0
311,0.00013915452377171554,0.28826361894607544,0.12044280171394348,72.54,3.5999999999999996,6.249444444444444,0.018966334605924336,8.0,22498.0,1.0,0.02886612859903448,8.0,0.9130584020193391,0.025,3.4803670080928133,0.06542803804782647,4.444839541292559e-05,0.0
312,0.0001609156090507819,0.4253535866737366,0.1809024453163146,49.14,3.1999999999999997,3.923611111111111,0.0,0.0,14125.0,1.0,0.0,0.0,0.9231543408709323,0.015,2.394438527430283,0.06711504424778761,7.079646017699115e-05,0.0
313,,,,51.48,0.2,0.04027777777777778,0.0,0.0,145.0,0.9333333333333333,0.0,0.0,0.9599379960347395,,2.5372055760146046,0.1103448275862069,0.0,0.0
314,,,,51.48,0.0,0.008055555555555555,0.0,0.0,29.0,0.4166666666666667,0.0,0.0,0.9567594463508052,,2.5080164701373024,0.034482758620689655,0.0,0.0
315,0.00015846493807299312,0.3130202889442444,0.12498426139354707,67.86,3.2,4.594722222222222,0.0,0.0,16541.0,1.0,0.0,0.0,0.9880789683671017,0.01,3.219564338989984,0.06632005320113657,0.0,0.0
316,0.00018205669117078678,0.2229708582162857,0.14696860313415527,126.35999,3.0,4.22,0.005199377405751926,1.0,15192.0,1.0,0.007829718353374537,1.0,0.7846739845057529,0.02,6.051297414680449,0.06819378620326487,6.582411795681937e-05,0.0
317,3.359724375977732e-05,0.37885257601737976,0.2164368391036986,60.839996,3.4099999999999993,5.804722222222222,0.0164878721429818,6.0,20897.0,1.0,0.02504544538165543,6.0,0.9404881166049582,0.025,2.980120572012763,0.07192419964588219,0.0,0.0
318,0.000824134822446127,0.3598884642124176,0.1777133345603943,60.839996,0.6,0.23666666666666666,0.0,0.0,852.0,1.0,0.0,0.0,0.87865817639692,,2.948644306481053,0.06338028169014084,0.0,0.0
319,4.995291405509061e-05,0.22544153034687042,0.11636753380298615,109.979996,2.8000000000000003,3.9066666666666667,0.006066853816973213,1.0,14064.0,1.0,0.00914206944230378,1.0,0.9549591491360102,0.02,5.394794040669768,0.0706769055745165,0.0,0.0
320,0.0001092676375409562,0.26431983709335327,0.11988133937120438,84.24,2.6,3.8333333333333335,0.01890359168241966,3.0,13800.0,1.0,0.028769221578753168,3.0,0.8626177256417465,0.035,4.30324446902571,0.06615942028985507,7.246376811594203e-05,0.0
321,0.00024747772445261147,0.343233585357666,0.1644649326801299,74.88,3.1999999999999997,5.126388888888889,0.017616642912336427,5.0,18455.0,1.0,0.026783646220949198,5.0,0.9247828315430712,0.025,2.990880351942884,0.06702790571660797,0.0,0.0
322,9.699565421663901e-05,0.4185504913330078,0.1828492194414138,56.159996,3.2,4.644722222222223,0.008583941474887315,2.0,16721.0,1.0,0.0064588142469035326,1.0,0.9495225728331993,0.02,2.514722712990112,0.06512768375097183,0.00011961007116799235,0.0
323,,,,56.159996,0.4,0.09777777777777778,0.0,0.0,352.0,1.0,0.0,0.0,0.9949928336852455,,2.8362293481150394,0.09090909090909091,0.0,0.0
324,8.649142876335447e-05,0.38333094120025635,0.16228329539299013,56.159996,4.200000000000001,8.719444444444445,0.019485816000513936,16.0,31390.0,1.0,0.027788015657822407,15.0,0.899252895000658,0.025,2.790139232338135,0.06836572156737815,3.185727938834024e-05,0.0
325,,,,67.86,0.2,0.025277777777777777,0.0,0.0,91.0,0.7666666666666667,0.0,0.0,0.8965231576690538,,2.8112564280416272,0.04395604395604396,0.0,0.0
326,,,,72.54,0.2,0.035277777777777776,74.4001488002976,1.0,127.0,0.9,1.0,1.0,0.8339722983166263,,2.9398117761229865,0.08661417322834646,0.0,0.0
327,0.0010343020810050342,1.3668675422668457,0.5112307190895078,30.419998,0.6,0.21944444444444444,5.76830636116007,3.0,790.0,1.0,1.0,3.0,1.9609471363208626,,1.9324131943478389,0.06835443037974684,0.0,0.0
328,3.963748490282671e-05,0.599322497844696,0.2628278478980064,35.1,4.2,5.8625,0.0,0.0,21105.0,1.0,0.0,0.0,0.9272189118998979,0.005,1.7368110853134586,0.06519782042170102,9.476427386875148e-05,0.0
329,2.597836183270729e-05,0.5587330460548401,0.224709728360176,35.1,4.609999999999999,12.994444444444444,0.004386829932291108,8.0,46780.0,1.0,0.00577438605327818,7.0,0.9467352480404033,0.01,1.8391087874806282,0.06665241556220607,2.1376656690893544e-05,0.0
330,0.00020493199214765716,0.4603002071380615,0.20385063737630849,44.46,2.6099999999999994,3.533611111111111,0.0,0.0,12721.0,1.0,0.0,0.0,0.9356419904845702,0.015,2.170732786011658,0.058721798600738936,7.861017215627702e-05,0.0
331,0.00021474532879933513,0.5139201283454895,0.36953118741512303,42.12,2.4,2.542777777777778,0.0,0.0,9154.0,1.0,0.0,0.0,1.0071880067965995,0.025,2.130263546801765,0.06095695870657636,0.0,0.0
332,,,,63.179996,0.4,0.07472222222222222,0.0,0.0,269.0,0.9833333333333333,0.0,0.0,1.5580808528877055,,3.2071988393715944,0.08550185873605948,0.0,0.0
333,8.434667581174552e-05,0.3844398856163025,0.23159574866294858,60.839996,5.3999999999999995,10.563333333333333,0.0024894048440432673,3.0,38028.0,1.0,0.003741105200124051,3.0,0.9310887247078808,0.005,2.99248628604567,0.06702955716840223,5.259282633848743e-05,0.0
334,0.0002330114468759932,0.2221803367137909,0.1035882472991943,105.299995,3.0,4.213888888888889,0.03128681360750432,6.0,15170.0,1.0,0.031792185125015915,4.0,0.8783830316633258,0.05,5.024948724726615,0.06941331575477917,6.591957811470006e-05,0.0
335,5.95849334451855e-05,0.2708897590637207,0.16895176842808726,93.6,2.8,4.055833333333333,0.0,0.0,14601.0,1.0,0.0,0.0,1.0003546997651886,0.01,4.688827810527459,0.06910485583179234,0.0,0.0
336,,,,44.46,0.2,0.03888888888888889,61.224489795918366,1.0,140.0,0.9166666666666666,1.0,1.0,1.2010160511261727,,2.7869916272264157,0.09285714285714286,0.0,0.0
337,0.00012131557309871448,0.4037547707557678,0.1984160855412483,51.48,2.6,3.73,0.0,0.0,13428.0,1.0,0.0,0.0,0.9092531102501894,0.015,2.656365371846514,0.06330056598153112,7.447125409591897e-05,0.0
338,,,,53.82,0.2,0.03111111111111111,0.0,0.0,112.0,0.8333333333333334,0.0,0.0,1.014140268790977,,2.6057787692305183,0.05357142857142857,0.0,0.0
339,,,,72.54,0.2,0.023333333333333334,170.06802721088434,1.0,84.0,0.7833333333333333,1.0,1.0,1.3626555129911428,,3.4754957246777485,0.11904761904761904,0.0,0.0
340,,,,81.899994,0.2,0.025555555555555557,0.0,0.0,92.0,0.7833333333333333,0.0,0.0,2.0717350347715606,,4.543030655986815,0.16304347826086957,0.0,0.0
341,0.00805478823815684,0.4320448338985443,0.1572444468736649,51.48,0.6,0.21194444444444444,2.061257126367086,1.0,763.0,1.0,1.0,1.0,0.9674735476346294,,2.452894357240094,0.07470511140235911,0.0,0.0
342,6.54688164019763e-06,0.5975523591041565,0.26717804670333856,35.1,5.200000000000001,13.097777777777777,0.003238413187900851,6.0,47152.0,1.0,0.0032436738980794466,4.0,0.9339382232234557,0.005,1.8391087874806282,0.06610536138445877,6.362402443162538e-05,0.0
343,0.0007023757138488623,0.6459053754806519,0.3165307164192196,28.079998,2.8,3.1302777777777777,0.009449536095105675,1.0,11269.0,1.0,0.014276209217468971,1.0,0.9599908367923949,0.035,1.6282182158057539,0.06202857396397196,0.0,0.0
344,6.416791168987603e-05,0.5697629451751709,0.3325002849102017,35.1,3.8,5.834722222222222,0.0,0.0,21005.0,1.0,0.0,0.0,0.9374564636095958,0.005,1.9438794394813137,0.06865032135205903,4.7607712449416804e-05,0.0
345,,,,42.12,0.2,0.011666666666666667,0.0,0.0,42.0,0.5,0.0,0.0,0.9546617406121644,,2.3896207189957948,0.09523809523809523,0.0,0.0
346,,,,35.1,0.2,0.025555555555555557,0.0,0.0,92.0,0.8,0.0,0.0,0.895698875282361,,2.167164971329234,0.07608695652173914,0.0,0.0
347,0.00011201903059041461,0.538227915763855,0.26164966821670527,37.44,4.3999999999999995,2.187777777777778,0.0,0.0,7876.0,1.0,0.0,0.0,0.9474721666955651,0.035,1.882950552630728,0.06564245810055866,0.0,0.0
348,,,,60.839996,0.4,0.1063888888888889,0.0,0.0,383.0,1.0,0.0,0.0,1.0490694910754612,,2.91716825536386,0.07049608355091384,0.0,0.0
349,1.7234971243480702e-05,0.31204476952552795,0.17623110115528115,77.21999,4.3999999999999995,9.303888888888888,0.07059779707988899,66.0,33494.0,1.0,0.08899863400047814,53.0,0.948029731123709,0.075,3.8018738576322577,0.06687764972830955,5.971218725741924e-05,0.0
350,,,,67.86,0.4,0.09111111111111111,0.0,0.0,328.0,1.0,0.0,0.0,0.9619875079462674,,2.921504145729609,0.057926829268292686,0.0,0.0
351,,,,93.6,0.2,0.016944444444444446,0.0,0.0,61.0,0.65,0.0,0.0,0.9745416793907301,,3.8731822449514812,0.18032786885245902,0.0,0.0
352,0.00016678515598131873,0.23287051916122437,0.09744366705417631,102.96,2.4,2.5052777777777777,0.0,0.0,9019.0,1.0,0.0,0.0,1.0140719407142242,0.03,4.864195299956893,0.06918727131611044,0.00011087703736556159,0.0
353,5.1242659387437225e-05,0.6428651809692383,0.2899024993181226,56.159996,3.2099999999999906,4.149444444444445,0.0,0.0,14938.0,1.0,0.0,0.0,1.4300857632534767,0.015,2.573178328385406,0.0687508367920739,0.0,0.0
354,7.285866724247736e-05,0.3429357707500458,0.17707416415214539,67.86,2.8,4.1075,0.005488088426495486,1.0,14787.0,1.0,0.008266298485065326,1.0,0.9810709187632051,0.02,3.457884145068321,0.06465138297152905,0.0,0.0
355,2.5285755756522816e-05,0.4068300724029541,0.2048778772354125,56.159996,3.3999999999999995,5.887777777777778,0.02938096863248614,11.0,21196.0,1.0,0.045087912893264526,11.0,0.9509476642009572,0.04,2.8969335285516546,0.0717588224193244,9.435742592942064e-05,0.0
356,,,,73.71,0.2,0.02277777777777778,0.0,0.0,82.0,0.75,0.0,0.0,0.7495786926564105,,3.493089293467736,0.04878048780487805,0.0,0.0
357,0.00014308826123517462,0.35354360938072205,0.17754520773887628,65.52,3.2,4.762777777777778,0.040818365227465986,10.0,17146.0,1.0,0.0567129737530353,9.0,0.9823880715337685,0.05,3.2915100581461045,0.06648781056806252,5.8322640849177654e-05,0.0
358,3.270866539457807e-05,0.37429654598236084,0.171075940132141,63.179996,3.8099999999999916,6.465277777777778,0.03987258309960877,18.0,23275.0,1.0,0.051148830294772685,15.0,0.9523396209538505,0.05,3.1240117959104863,0.06870032223415683,8.592910848549946e-05,0.0
359,3.4096267397152686e-05,0.3466615080833435,0.1530295237898826,63.179996,3.5999999999999996,6.309444444444445,0.004651831752952318,2.0,22714.0,1.0,0.007002263476324377,2.0,0.8961298064261565,0.015,3.008224311604266,0.062120278242493616,0.0,0.0
360,0.000189024562392853,0.35860174894332886,0.22328969091176987,67.86,3.4000000000000004,5.7011111111111115,0.005697537991278285,2.0,20524.0,1.0,0.008583142151514012,2.0,0.9681290276081239,0.015,3.443270080408609,0.069382186708244,4.8723445722081464e-05,0.0
361,0.0003085898853376782,0.43080753087997437,0.25890424549579616,56.159996,2.5999999999999996,3.2755555555555556,0.017259821528842773,2.0,11792.0,1.0,0.026233839459661734,2.0,0.9665929499372242,0.045,3.0723008035665713,0.06902985074626866,0.0,0.0
362,0.00016393545595782513,0.5821545124053955,0.48510230928659415,42.12,2.2,2.5019444444444443,0.05916718562246265,4.0,9007.0,1.0,0.09308300096832889,4.0,1.0748863525900585,0.09,2.4472736950876004,0.06161874097923837,0.0,0.0
363,,,,67.86,0.2,0.015277777777777777,396.6942148760331,1.0,55.0,0.5166666666666667,1.0,1.0,0.6577916344535575,,3.219155664920302,0.12727272727272726,0.0,0.0
364,1.2857152442293007e-05,0.3546864986419678,0.156533282995224,60.839996,6.20999999999999,18.962777777777777,0.0012874854732263022,5.0,68266.0,1.0,0.001159409040565329,3.0,0.9660110550486009,0.005,3.020590025637173,0.06839422259983008,4.394574165763337e-05,0.0
365,4.109893511423434e-05,0.3844902515411377,0.1527513027191162,56.159996,3.0,4.550833333333333,0.008941788209878926,2.0,16383.0,1.0,0.013503859424496722,2.0,0.9291860082565189,0.025,2.727186915689232,0.06793627540743453,6.103888176768602e-05,0.0
366,,,,70.2,0.4,0.07722222222222222,0.0,0.0,278.0,1.0,0.0,0.0,0.8667156128852039,,3.484863709346422,0.09352517985611511,0.0,0.0
367,0.0002899877001853877,0.3166000247001648,0.128084135055542,72.54,3.0,3.191666666666667,0.0,0.0,11490.0,1.0,0.0,0.0,0.9590791435192838,0.02,3.3342276479828024,0.06718885987815491,0.0002610966057441253,0.0
368,0.00021793836479575845,0.3813915252685547,0.15741135478019708,56.159996,3.5999999999999996,2.743333333333333,0.012303228317897704,1.0,9876.0,1.0,0.01862835019228981,1.0,0.8721460172970532,0.035,2.794635933591744,0.06804374240583232,0.0,0.0
369,0.00015388815410922888,0.34324756264686584,0.15981634259223937,70.2,2.8000000000000003,3.736666666666667,0.03315717588926882,5.0,13452.0,1.0,0.05103821344998638,5.0,1.0406815831730443,0.05,3.4826153587196176,0.06801962533452274,0.0,0.0
370,0.00020813297384465157,0.45878225564956665,0.19917526841163635,46.8,2.809999999999991,4.953055555555555,0.0037742428938735643,1.0,17831.0,1.0,0.005677481237410853,1.0,0.9471774715537806,0.015,2.2561681800995705,0.06718636083225843,0.00011216420840109921,0.0
371,7.564056198135537e-05,0.3714909851551056,0.46564022302627567,72.54,3.5999999999999996,5.908055555555555,0.002652693685208081,1.0,21269.0,1.0,0.003986988566727745,1.0,0.9487208119748665,0.01,3.01689624548899,0.06949080821853401,0.0001880671399689689,0.0
372,,,,42.12,0.4,0.09333333333333334,10.629251700680271,1.0,336.0,1.0,1.0,1.0,1.918977694272979,,2.900305962599926,0.08035714285714286,0.0,0.0
373,0.0001487104613531191,0.4373335838317871,0.25702144801616644,56.159996,2.8,4.215277777777778,0.015633099831998457,3.0,15175.0,1.0,0.023731235517593374,3.0,0.982172172411894,0.03,2.545717035948566,0.06339373970345964,0.0,0.0
374,0.0004785368558312303,0.39638423919677734,0.23180779069662094,56.159996,2.0,1.9022222222222223,0.0,0.0,6848.0,1.0,0.0,0.0,0.8843153909665485,0.045,2.4002199392093466,0.06074766355140187,0.0,0.0
375,9.376585268000421e-05,0.320443332195282,0.15058105885982515,70.2,2.9999999999999996,4.088333333333333,0.011079333735402356,2.0,14718.0,1.0,0.01675944001796137,2.0,0.992299193556836,0.025,3.4421461195097245,0.06862345427367848,0.0,0.0
376,0.0005831745014356558,0.3738728165626526,0.1509660989046097,56.159996,0.6,0.20777777777777778,0.0,0.0,748.0,1.0,0.0,0.0,0.9018678973284318,,2.873326275799243,0.05748663101604278,0.0,0.0
377,0.00020933740254670949,0.13273482024669647,0.068831916898489,203.57999,3.2,4.488888888888889,0.0,0.0,16160.0,1.0,0.0,0.0,1.101342337582033,0.01,10.039779657218094,0.07165841584158415,0.0,0.0
378,,,,60.839996,0.4,0.08583333333333333,12.567945455116725,1.0,309.0,1.0,1.0,1.0,1.0024390682782751,,3.052066076754366,0.07119741100323625,0.0,0.0
379,5.650185768010569e-05,0.3086821436882019,0.11614705324172975,74.88,2.6000000000000005,4.070555555555556,0.005588160505902875,1.0,14654.0,1.0,0.008417669337391076,1.0,0.9142394298217357,0.02,3.708569665179564,0.06557936399617852,0.0,0.0
380,8.148692527943183e-05,0.3029288947582245,0.13417256996035545,74.88,2.8000000000000003,3.9491666666666667,0.02374790541618924,4.0,14217.0,1.0,0.036279976470638964,4.0,0.9756104025621595,0.045,3.6636035103015447,0.06963494408102976,0.0,0.0
381,,,,56.159996,0.4,0.09777777777777778,0.0,0.0,352.0,1.0,0.0,0.0,0.8457145510243786,,2.962134195827362,0.05113636363636364,0.0,0.0
382,0.0002479569628532996,0.2844724655151367,0.19296491891145706,74.88,3.0000000000000004,3.8291666666666666,0.0,0.0,13785.0,1.0,0.0,0.0,0.9101494340093764,0.015,3.802998247360177,0.06833514689880305,0.0,0.0
383,,,,46.8,0.2,0.03638888888888889,0.0,0.0,131.0,0.8833333333333333,0.0,0.0,0.8613163923170596,,2.329237860154576,0.08396946564885496,0.0,0.0
384,,,,67.86,0.2,0.058611111111111114,0.0,0.0,211.0,0.9333333333333333,0.0,0.0,1.054357214344005,,3.2656544547668886,0.0995260663507109,0.0,0.0
385,,,,66.689995,0.0,0.005555555555555556,0.0,0.0,20.0,0.3,0.0,0.0,3.476259841706905,,3.9401442049629702,0.1,0.0,0.0
386,4.476041451849653e-05,0.41373199224472046,0.23850153982639316,51.48,2.4099999999999993,2.9008333333333334,0.0,0.0,10443.0,1.0,0.0,0.0,0.9359143600536884,0.02,2.688965812691626,0.06329598774298573,9.575792396820837e-05,0.0
387,7.207267808452327e-05,0.34210631251335144,0.2554816275835037,67.86,2.8,4.157222222222222,0.005357593564701488,1.0,14966.0,1.0,0.008068944277932366,1.0,0.9693227599156524,0.02,3.5309538251233263,0.06808766537484966,6.681812107443539e-05,0.0
388,0.0011508502906129375,0.2929658889770508,0.07489326223731035,77.21999,0.6,0.2608333333333333,0.0,0.0,939.0,1.0,0.0,0.0,0.9668451475612019,,3.8828127648810784,0.06922257720979766,0.0,0.0
389,,,,77.21999,0.2,0.043611111111111114,0.0,0.0,157.0,0.95,0.0,0.0,1.045098817348961,,4.009841359077769,0.03821656050955414,0.0,0.0
390,,,,58.499996,0.2,0.014722222222222222,0.0,0.0,53.0,0.6166666666666667,0.0,0.0,1.1144101363334753,,2.7679531190053743,0.018867924528301886,0.0,0.0
391,,,,95.939995,0.4,0.10944444444444444,0.0,0.0,394.0,1.0,0.0,0.0,1.086876284465348,,4.520205372978439,0.08375634517766498,0.0,0.0
392,3.26683263873712e-05,0.30229800939559937,0.15720829144120219,74.88,6.399999999999999,16.92222222222222,0.0032334150596953094,10.0,60920.0,1.0,0.00486194182871591,10.0,0.937244912252398,0.005,3.722059340111356,0.07117531188443861,4.924491135915955e-05,0.0
393,0.000602571486133339,0.415285587310791,0.2276089608669281,74.88,0.8,0.3358333333333333,0.8209725651493042,1.0,1209.0,1.0,1.0,1.0,1.2687944029746951,,4.170594783847491,0.07030603804797353,0.0,0.0
394,4.426872556131529e-05,0.49392765760421753,0.23818015754222877,44.46,5.399999999999999,13.377777777777778,0.001034756790763899,2.0,48160.0,1.0,0.0015533416212419882,2.0,0.9518742452973439,0.005,2.2617890566665815,0.07016196013289036,4.152823920265781e-05,0.0
395,0.0002514705188377824,0.4297404885292053,0.1728738188743591,49.14,3.2099999999999995,5.625,0.0,0.0,20250.0,1.0,0.0,0.0,0.9891771879738047,0.01,2.6091510807562077,0.07219753086419753,9.876543209876543e-05,0.0
396,2.269241056662099e-05,0.3873721957206726,0.16366531997919082,56.159996,3.3999999999999995,4.892222222222222,0.01934344828895336,5.0,17612.0,1.0,0.029448787990484337,5.0,0.908565601865831,0.035,2.777773518305228,0.06779468544174426,5.6779468544174426e-05,0.0
397,0.00018388172606921075,0.36788877844810486,0.18985221534967422,60.839996,3.209999999999991,5.639444444444444,0.005822823081061239,2.0,20302.0,1.0,0.008772714884817012,2.0,0.9513782147867238,0.015,3.0295832137298735,0.06826913604570978,0.00014776869273963155,0.0
398,0.0029604531296923853,0.39891186356544495,0.1618381768465041,63.179996,0.4,0.14333333333333334,0.0,0.0,516.0,1.0,0.0,0.0,1.0880806017907285,,3.1745983985264825,0.06395348837209303,0.0,0.0
399,0.00013972940799944443,0.26808249950408936,0.14576607048511508,81.899994,3.2,5.290277777777778,0.0,0.0,19045.0,1.0,0.0,0.0,0.9610335205616739,0.01,4.057055864582592,0.07014964557626674,0.0,0.0
400,8.793893330699572e-05,0.35572171211242676,0.1504768505692482,58.499996,3.0,4.595,0.0,0.0,16542.0,1.0,0.0,0.0,0.9535996123070495,0.01,2.930657930295652,0.07000362713093942,6.045218232378189e-05,0.0
401,,,,56.159996,0.2,0.021666666666666667,0.0,0.0,78.0,0.6166666666666667,0.0,0.0,1.2868945044275135,,2.692194037661793,0.15384615384615385,0.0,0.0
402,3.330086787106834e-05,0.6012639999389648,0.3361707553267479,39.78,3.999999999999999,8.14638888888889,0.0027904610400776835,2.0,29327.0,1.0,0.00419448842669734,2.0,0.9946292893706925,0.01,2.348348411653379,0.06812834589286323,0.00013639308487059705,0.0
403,,,,84.24,0.2,0.029444444444444443,0.0,0.0,106.0,0.8166666666666667,0.0,0.0,1.0739132513296952,,4.080662902920487,0.07547169811320754,0.0,0.0
404,2.2756346109823006e-05,0.38453376293182373,0.16509405374526964,58.499996,4.4,8.820833333333333,0.00238005507893713,2.0,31755.0,1.0,0.0035764782166226583,2.0,0.959648681937881,0.01,2.8800713276796563,0.06937490159030074,6.29822075263738e-05,0.0
405,,,,63.179996,0.2,0.017777777777777778,0.0,0.0,64.0,0.6166666666666667,0.0,0.0,0.9266420880983129,,2.9385972710365746,0.078125,0.0,0.0
406,0.0001814237569966014,0.4317648410797119,0.2504303753376007,51.48,3.8000000000000007,6.481944444444444,0.05509416993952818,25.0,23335.0,1.0,0.07201148080787712,21.0,0.9413826161290263,0.06,2.578799204952417,0.06500964216841654,8.570816370259267e-05,0.0
407,,,,60.839996,0.4,0.12222222222222222,6.198347107438017,1.0,440.0,0.9833333333333333,1.0,1.0,1.529113261494727,,3.5534369025623356,0.09318181818181819,0.0022727272727272726,0.0
408,,,,76.049995,0.4,0.12444444444444444,0.0,0.0,448.0,1.0,0.0,0.0,1.030869836247124,,3.224060917721012,0.060267857142857144,0.002232142857142857,0.0
409,0.0011631545910669395,0.32166334986686707,0.10730816721916192,74.88,0.6,0.26305555555555554,1.3380775616658618,1.0,947.0,1.0,1.0,1.0,0.9830687354039818,,3.861453648340954,0.07286166842661035,0.0,0.0
410,0.00097020154005225,0.2862277328968048,0.24005193561315527,98.28,2.209999999999991,0.4986111111111111,1.1173097663736316,3.0,1795.0,0.9666666666666667,1.0,3.0,1.075101302494687,,4.5404400997906444,0.06629526462395544,0.0,0.0
